Genre	English	Pronunciation	Burmese
General Conversation	How are you?	nei-kaun-ye့-la?	ေနေကာင္းရဲ႕လား။
General Conversation	Have you eaten yet?	sa:-pi:-bi-la:?	စားျပီးျပီလား။
General Conversation	Where're you going?	be thwa:- mƏ-le:	ဘယ္ သြားမလဲ
General Conversation	goodbye	thwa:-bi 	သြားျပီ
General Conversation	[I'm ] fine.	nei-kaun:-ba-de.	ေနေကာင္းပါတယ္
General Conversation	[I'm ] not so well	mƏ-kaun:-bu: 	မေကာင္းဘူး
General Conversation	so-so, normal	di-lo-be: 	ဒီလိုပဲ။
General Conversation	See you later.	nau'-hma twei-me. 	ေနာက္မွ ေတြ႕မယ္
General Conversation	See you tomorrow.	me-ne'-hpyan twei-me. 	မနက္ျဖန္ ေတြ႕မယ္
General Conversation	Pleased to meet you.	twei-ya-da wun:-tha-ba-de 	ေတြ႕ရတာ ဝမ္းသာပါတယ္
General Conversation	Thank you.	jei:-zu:-tin-ba-de. 	ေက်းဇူး တင္ပါတယ္
General Conversation	I'm sorry 	sc-ri:-nc? 	ေဆာရီးေနာ္
General Conversation	what?	ba-le: 	ဘာလဲ
General Conversation	where?	be-hma-le: 	ဘယ္မွာလဲ
General Conversation	when?	be-dc-le: 	ဘယ္ေတာ့လဲ
General Conversation	why?	ba-hpyi'-lo-le: 	ဘာျဖစ္လို႔လဲ။
General Conversation	how much?	be-lau'-le: 	ဘယ္ေလာက္လဲ
General Conversation	who?	be-dhu 	ဘယ္သူ
General Conversation	whose?	be-dhu-ha-le: 	ဘယ္သူ႔ဟာလဲ။
General Conversation	What do you want to do?	 ba lo'-chin-le:? 	ဘာ လုပ္ခ်င္လဲ။
General Conversation	Where's the bathroom?	ein-dha be-hma-le:? 	အိမ္သာ ဘယ္မွာလဲ။
General Conversation	market	zei:	ေစ်း
General Conversation	hotel	ho-te	ဟိုတယ္
General Conversation	hospital	hsei:-yon	ေဆးရုံ
General Conversation	airport	lei-zei'	ေလဆိပ္
General Conversation	embassy	than-yon:	သံရံုး
General Conversation	this	da	ဒါ
General Conversation	that	e:da	အဲဒါ
General Conversation	here	di-hma	ဒီမွာ
General Conversation	there	e:di-hma	အဲဒီမွာ
General Conversation	over there	ho-hma	ဟိုမွာ
General Conversation	Whats this?	da-ba-le:?	ဒါဘာလဲ
General Conversation	What's that?	e:da ba le:?	အဲဒါဘာလဲ
General Conversation	Whose is that?	da be dhu-ha-le:	ဒါ ဘယ္သူ႔ဟာလဲ။
General Conversation	hello? (on the phone)	he:-lo	ဟဲလို
General Conversation	Is John home?	jon ein-hma-la:?	ဂ်ြန္ အိမ္မွာလား
General Conversation	I'd like to speak with John 	jon-ne pyo:-jin-de.	ဂ်ြန္နဲ႔ ေျပာခ်င္တယ္။
General Conversation	John is not home.	jon ein-hma mƏ-shi-bu'	ဂ်ြန္ အိမ္မွာ မရွိဘူး
General Conversation	really	dƏ-ge 	တကယ္
General Conversation	right?	-nc? 	ေနာ္
General Conversation	if	yin	ရင္
General Conversation	because	lo့့	လိို႔
General Conversation	not yet…	mƏ-…-thei:-bu:	မ...ေသးဘူး
General Conversation	[I'm] finished already.	pi:-thwa:bi	ျပီးသြားျပီ။
General Conversation	but	da-bei-me့	ဒါေပမဲ့
General Conversation	didn't, don't	me-…-bu:	မ...ဘူး
General Conversation	Don't do that.	da me-lo' -ne့	ဒါမလုပ္နဲ႔။
General Conversation	Don't go.	ma- thwa: -ne့	မသြားနဲ႔။
General Conversation	please 	pa ba (particle)	ပါ
General Conversation	What is your name?	na- me-be-lo-hkc-le:	နာမည္ ဘယ္လိုေခၚလဲ။
General Conversation	[My] name is john.	na- me jon-ba	နာမည္ ဂ်ြန္ပါ။
General Conversation	What kind of work do you do?	ba lo'-the-le:?	ဘာ လုပ္သလဲ။
General Conversation	I'm a doctor.	hse-ya-wun-ba.	ဆရာဝန္ပါ။
General Conversation	lawyer	shei့-nei	ေရွ႕ေန
General Conversation	soldier	si'-tha:	စစ္သား
General Conversation	student (m)	jaun:-dha	ေက်ာင္းသား
General Conversation	student (f)	jaun:-dhu	ေက်ာင္းသူ
General Conversation	professor	pa-mau'-hka	ပါေမာကၡ
General Conversation	engineer	in-jin-ni-ya	အင္ဂ်င္နီယာ
General Conversation	tourist	tu:-ri'	တူးရစ္
General Conversation	monk	hpon:-ji:	ဘုန္းျကီး
General Conversation	Where are you from?	be-ga-la-dhe-le:?	ဘယ္ကလာသလဲ။
General Conversation	I'm from America.	e-mei-ri-ka့-ga့-ba.	အေမရိကကပါ
General Conversation	Japan	je-pan	ဂ်ပန္
General Conversation	China	te-yo '	တရုတ္
General Conversation	India	ein-di့-ya့	အိႏိၵယ
General Conversation	Thailand	htain:	ထိုင္း
General Conversation	England	in-ge-lan	အဂၤလန္
General Conversation	Do you like Myanmar?	myan-ma-pye-go jai'-la:?	ျမန္မာျပည္ကိုျကိုက္လား။
General Conversation	Myanmar people are very nice.	myan-ma-lu-myo: -dwei thei' kaun: -de.	ျမန္မာလူမ်ိဳးေတြသိပ္ေကာင္းတယ္။
General Conversation	Yangon is very hot.	yan-gon thei' pu-de.	ရန္ကုန္ သိပ္ပူတယ္။
General Conversation	Myanmar is beautiful.	myan-ma-nain-gan hla့-de.	ျမန္မာနုိင္ငံ လွတယ္။
General Conversation	It rains a lot.	mo: e yan: yua-de.	မိုး အရမ္း ရြာတယ္။
General Conversation	I like Yangon.	yan-gon-go jai' -te.	ရန္ကုန္ကိုျကိုက္တယ္။
General Conversation	Can you speak Burmese?	be-ma-ze-ga: pyc: -da' -la:?	ဗမာစကားေျပာတတ္လား။
General Conversation	Can you speak English?	in:ge-lei'-se-ga: pyc: -da' -la?	အဂၤလိပ္စကားေျပာတတ္လား။
General Conversation	I want to speak Burmese.	be-ma-ze-ga: pyc: -jin-de.	ဗမာစကားေျပာခ်င္တယ္။
General Conversation	Please speak slowly.	hpyei:-byei: pyc:-ba.	ေျဖးေျဖး ေျပာပါ။
General Conversation	Please say that again. 	hta' pyc:-ba.	ထပ္ ေျပာပါ။
General Conversation	Can you write in Myanmar?	myan-ma-za yei:-da'-the-la:	ျမန္မာစာေရးတတ္သလား။
General Conversation	I can write a little bit.	ne:-ne: yei:-da' -te	နည္းနည္းေရးတတ္တယ္။
General Conversation	I don't understand (polite form)	na-me-le-ba-bu:	နားမလည္ပါဘူး
General Conversation	I can't hear.	me-ja:-ya-bu:	မျကားရဘူး။
General Conversation	I am studying Burmese	be-ma-ze-ga:	ဗမာစကား
In a Restaurant 	I want to order…	…hma-me-nc.	...မွာမယ္ေနာ္။
In a Restaurant 	What would you like to eat?	ba sa:-jin-dhe-le:.	ဘာ စားခ်င္သလဲ။
In a Restaurant 	What would you like to drink?	ba thau' -chin- dhe-le:?	ဘာ ေသာက္ခ်င္သလဲ
In a Restaurant 	Bring water, please.	yei pei:-ba.	ေရ ေပးပါ။
In a Restaurant 	I'd like a serving of fried rice.	hte-min:-jc te-bwe: lo-jin-de.	ထမင္းေၾကာ္ တစ္ပြဲ လိုခ်င္တယ္။
In a Restaurant 	I'd like some more rice.	the-min:-hta' lo-jin-de.	ထမင္းထပ္ လိုခ်င္တယ္။
In a Restaurant 	I'd like some ice.	yei-ge: lo-jin-de.	ေရခဲ လိုခ်င္တယ္။
In a Restaurant 	Is it spicy?	sa'-the-la:?	စပ္သလား။
In a Restaurant 	Is it too spicy?	e-yan: sa' the-la:?	အရမ္း စပ္သလား။
In a Restaurant 	It's very spicy.	e-yan: sa'-te.	အရမ္း စပ္တယ္။
In a Restaurant 	It's not spicy.	me-sa'-hpu:	မစပ္ဘူး။
In a Restaurant 	Does it taste good?	kaun:-la:?	ေကာင္းလား။
In a Restaurant 	It tastes good.	sa:kaun:-de.	စားေကာင္းတယ္။
In a Restaurant 	It doesn't taste good.	sa:me-kaun:-bu:	စားမေကာင္းဘူး။
In a Restaurant 	It's delicious.	e-ya့-dha shi-de	အရသာ ႐ွိတယ္။
In a Restaurant 	food	e-sa:-e-sa	အစားအစာ
In a Restaurant 	Myanmar food	myan-ma-e-sa:-e-sa	ျမန္မာအစားအစာ
In a Restaurant 	I want to eat Myanmar food.	myan-ma-e-sa:-e-sa sa:-jin-de.	ျမန္မာအစားအစာ စားခ်င္တယ္။
In a Restaurant 	dessert	e-cho-bwe:	အခ်ိဳပြဲ
In a Restaurant 	I want dessert.	e-cho-bwe: lo-jin-de	အခ်ိဳပြဲ လိုခ်င္တယ္။
In a Restaurant 	I'm full.	wa့-bi.	ဝၿပီ။
In a Restaurant 	That's enough	tc-bi	ေတာ္ၿပီ။
In a Restaurant 	I'm drunk.	mu:-de	မူးတယ္
In a Restaurant 	alcohol	e-ye'	အရက္
In a Restaurant 	"check,[please]."	shin:-me.	႐ွင္းမယ္။
In a Restaurant 	beef	a-me:	အမဲ
In a Restaurant 	beer	bi-ya	ဘီယာ
In a Restaurant 	boil/boiled	pyo'	ျပဳတ္
In a Restaurant 	chicken 	je'	ၾကက္
In a Restaurant 	coffee 	ko-hpi	ေကာ္ဖီ
In a Restaurant 	crab	ge-nan:	ဂဏန္း
In a Restaurant 	curry 	hin:	ဟင္း
In a Restaurant 	duck	be:	 ဘဲ
In a Restaurant 	eat	sa:-de	စားတယ္
In a Restaurant 	chicken egg	je'-u	ၾကက္ဥ
In a Restaurant 	noodle	hkau'-hswe:	ေခါက္ဆြဲ
In a Restaurant 	fish	nga:	ငါး
In a Restaurant 	fry/fried	jc	ေၾကာ္
In a Restaurant 	fruit	thi'-thi:	သစ္သီး
In a Restaurant 	grill/grilled	ken	ကင္
In a Restaurant 	ice	yei-ge: 	ေရခဲ
In a Restaurant 	milk	no့	ႏို႔
In a Restaurant 	pork	we'	ဝက္
In a Restaurant 	cooked rice 	hte-min:	ထမင္း
In a Restaurant 	sea food	pin-ke-za	ပင္လယ္စာ
In a Restaurant 	shrimp	be-zun	ပုစြန္
In a Restaurant 	soup	hin:-jo	ဟင္းခ်ိဳ
In a Restaurant 	black tea	la'-hpe'-ye	လက္ဖက္ရည္
In a Restaurant 	oolong or plain tea	yei-nwe:-jan:, yei-nwe:	ေရေႏြးၾကမ္း၊ ေရေႏြး
In a Restaurant 	vegetable 	hin:-dhi:-hin:-yue'	ဟင္းသီးဟင္းရြက္
In a Restaurant 	vegetarian 	the'-tha'-lu'	သက္သတ္လြတ္
In a Restaurant 	water	yei	ေရ
Experssing Needs and Feelings	I'm hungry.	bai-hsa-de.	ဗိုက္ဆာတယ္
Experssing Needs and Feelings	I'm thirsty.	yei-nga'-te.	ေရငတ္တယ္။
Experssing Needs and Feelings	I'm tired/ exhausted.	mc:-de.	ေမာတယ္။
Experssing Needs and Feelings	I'm sleepy.	ei'-chin-de.	အိပ္ခ်င္တယ္။
Experssing Needs and Feelings	I'm happy.	pyc-de.	ေပ်ာ္တယ္
Experssing Needs and Feelings	I'm excited.	se'-hlo'-sha:-de.	စိတ္လႈပ္႐ွားတယ္
Experssing Needs and Feelings	I'm hot.	pu-de.	ပူတယ္။
Experssing Needs and Feelings	I'm cold.	ei:-de.	ေအးတယ္။
Experssing Needs and Feelings	I'm not well.	nei-ma-kaun:-bu:.	ေနမေကာင္းဘူး။
Experssing Needs and Feelings	I have a headache.	gaun:kai'-te.	ေခါင္း ကိုက္တယ္။
Experssing Needs and Feelings	I have a stomach ache.	bai'-na-de.	ဗိုက္နာတယ္။
Experssing Needs and Feelings	I need some medicine.	hsei:-thau'-hpo-lo'-de.	ေဆးေသာက္ဖို႔လိုတယ္။
Experssing Needs and Feelings	I need some sleep.	ei' pyc-bo lo-de.	အိပ္ေပ်ာ္ဖို႔လိုတယ္။
Experssing Needs and Feelings	I want to see a doctor.	hse-ya-wun pya့-jin-de.	ဆရာဝန္ ျပခ်င္တယ္။
Experssing Needs and Feelings	Come here!	di-go-la!	ဒီကိုလာ။
Experssing Needs and Feelings	Help!	ku-nyi-ba!	ကူညီပါ။
Experssing Needs and Feelings	Watch out!	the-di့!	သတိ။
Experssing Needs and Feelings	I want to drink some water.	yei thau'-chin-de.	ေရ ေသာက္ခ်င္တယ္။
Experssing Needs and Feelings	I want to drink a glass of beer.	bi-ya te-hkwe' thau'-jin-de:	ဘီယာ တစ္ခြက္ေသာက္ခ်င္တယ္။
Experssing Needs and Feelings	I want to buy some medicine.	hsei: we-jin-de:	ေဆးဝယ္ခ်င္တယ္။
Experssing Needs and Feelings	I want to go to a restroom.	ein-dha thwa:-jin-de:	အိမ္သာ သြားခ်င္တယ္။
Experssing Needs and Feelings	It's too loud.	e-yan: jei-ta-be:.	အရမ္း က်ယ္တာပဲ။
Experssing Needs and Feelings	Can you turn down the air conditioning?	e:-kon: pei'-pei:.	အဲကြန္း ပိတ္ေပး။
Experssing Needs and Feelings	Can you turn up the air conditioning?	e:-kon: hpwin-bei:.	အဲကြန္း ဖြင့္ေပး။
Experssing Needs and Feelings	Can you turn on the fan?	pan-ka hpwin-bei:.	ပန္ကာ ဖြင့္ေပး။
Experssing Needs and Feelings	May I use the phone?	te-li-hpon: thon:lo့ ya့-me-la:?	တယ္လီဖုန္း သံုးလို႔ရမလား။
Experssing Needs and Feelings	May I have some water?	yei thau'-lo့ ya့-me-la:?	ေရ ေသာက္လို႔ ရမလား။
Experssing Needs and Feelings	I'm lost.	lan: pyau'-nei-de.	လမ္း ေပ်ာက္ေနတယ္။
Experssing Needs and Feelings	How do I get to__?	…be-lo thwa:-me-le:?	...ဘယ္လို သြားမလဲ။
Experssing Needs and Feelings	I need some money.	pai'-hsan hta'-lo-de	ပိုက္ဆံ ထပ္လိုတယ္။
Experssing Needs and Feelings	I need to change money.	ngwei-le:-bo့-lo-de	ေငြလဲဖို႔လိုတယ္။
Experssing Needs and Feelings	I want to go back [home].	ein pyan-jin-de.	အိမ္ျပန္ခ်င္တယ္။
Experssing Needs and Feelings	I want to ___ (verb).	…chin/jin-de.	..ခ်င္တယ္။
Experssing Needs and Feelings	I understand.	na:-le-de.	နားလည္တယ္။
Experssing Needs and Feelings	I don't understand.	na:-me-le-bu:.	နားမလည္ဘူး။
Experssing Needs and Feelings	I don't know.	me-thi့-bu:.	မသိဘူး။
Experssing Needs and Feelings	I believe (you).	yon-de.	ယံုတယ္။
Experssing Needs and Feelings	I'm sure.	thei-ja-de.	ေသခ်ာတယ္။
Experssing Needs and Feelings	I'm not sure.	me-thei-ja-bu:.	မေသခ်ာဘူး။
Experssing Needs and Feelings	I'm joking.	yi-za-ya-pyac:-da.	ရယ္စရာ ေျပာတယ္။
Experssing Needs and Feelings	I agree.	the-bc:-tu-de.	သေဘာတူတယ္။
Experssing Needs and Feelings	No problem.	kei'-sa ma-shi့-bu:.	ကိစၥ မ႐ွိဘူး။
Experssing Needs and Feelings	a little bit 	ne:-ne:	နည္းနည္း
Experssing Needs and Feelings	I forgot.	mei့-dhwa:-bi.	ေမ့သြားၿပီ။
Experssing Needs and Feelings	I don't remember.	the-di့-me-ya့-bu:.	သတိမရဘူး။
Experssing Needs and Feelings	Let's go.	thwa:-zo့	သြားစို႔။
Experssing Needs and Feelings	I'm busy.	e-lo'-sho'-te.	အလုပ္႐ႈပ္တယ္။
Experssing Needs and Feelings	I'm sad.	wun:-ne:-de	ဝမ္းနည္းတယ္။
Experssing Needs and Feelings	I'm angry.	sei'-hso:-de.	စိတ္ဆိုးတယ္။
Experssing Needs and Feelings	I'm homesick.	ein-go lwan:-de.	အိမ္ကိုလြမ္းတယ္။
Experssing Needs and Feelings	I'm confused.	sho'-te.	႐ႈပ္တယ္။
Experssing Needs and Feelings	I'm embarrassed .	e-she'-kwe:-de.	အ႐ွက္ကြဲတယ္။
Experssing Needs and Feelings	I'm bored.	ngi:-ngwe့-de,	ၿငီးေငြ႕တယ္။
Experssing Needs and Feelings	I'm worried.	sei'-pu-de.	စိတ္ပူတယ္။
Experssing Needs and Feelings	I'm scared.	jau'-te.	ေၾကာက္တယ္။
Experssing Needs and Feelings	I'm heartbroken.	e-the:-gwe:-de	အသည္းကြဲတယ္။
Experssing Needs and Feelings	No smoking.	hsei:-lei' me-thau'-ya	ေဆးလိပ္ မေသာက္ရ။
Experssing Needs and Feelings	Speak up	pyc:-ba.	ေျပာပါ။
Experssing Needs and Feelings	I make a mistake.	hma:-dhwa:-de.	မွားသြားတယ္။
Experssing Needs and Feelings	Please wait a moment.	hkc-na့ saun့-ba.	ခဏ ေစာင့္ပါ။
Experssing Needs and Feelings	Good luck.	kan-kaun:-ba-zei	ကံေကာင္းပါေစ။
Experssing Needs and Feelings	I wish you happiness.	kan-kaun:-ba-zei	ေပ်ာ္ရႊင္ပါေစ။
Culture Shock	Opposite of merit, loosely translated as “sin”. 	akutho	အကုသိုလ္
Culture Shock	Feeling of not wanting to cause loss of face, pain, not wanting to impose on others.	ah-nar-hmu	အားနာမႈ
Culture Shock	The Third Basket of the Tripitaka (Basket of Ultimate Things), a subtle analysis of Mind, Psychic Factors, Matter and Nirvana. 	Abhidhamma	အဘိဓမၼာ
Culture Shock	Blouse or shirt.	aingyi	အက်ႌ
Culture Shock	Existence.	ba wa	ဘဝ
Culture Shock	Insight or wisdom (Pali).	bhavana	ဘာဝနာ
Culture Shock	Charity (Pali).	dana	ဒါန
Culture Shock	Prefix for adult women.	Daw	ေဒၚ
Culture Shock	Gesture of obeisance made by sitting in a kneeling position on the floor and bowing, with hands held palms together. The kadawt is a gesture made to parents and teachers.	kadawt	ကန္ေတာ့
Culture Shock	Prefix for young adult male.	Ko	ကို
Culture Shock	A feeling of consideration.	ko chinn sar-nar-hmu	ကိုယ္ခ်င္းစာနာမႈ
Culture Shock	Merit or merits.	kutho	ကုသိုလ္
Culture Shock	Local currency. 	kyat	က်ပ္
Culture Shock	Sarong for men and women. (Sarong for women also called hta-mein.)	longyi	လံုခ်ည္
Culture Shock	Prefix for young girl.	Ma	မ
Culture Shock	Prefix for young male.	Maung	ေမာင္
Culture Shock	Local coins. 	pya	ျပား
Culture Shock	Prefix for teacher, boss, superior (male).	Saya	ဆရာ
Culture Shock	Prefix for teacher, superior (female).	Sayama	ဆရာမ
Culture Shock	Morality (Pali).	sila	သီလ
Culture Shock	Feast for monks.	soon-kyway	ဆြမ္းေကြ်း
Culture Shock	Cycles of existence (commonly known as samsara).	Than-tha-yar	သံသရာ
Culture Shock	Jacket for men.	Tike-pon	တိုက္ပံု
Culture Shock	Buddhist canon (Three Baskets). 	Tripitaka	တိပိဋက
Culture Shock	Buddha, the Dhamma (teachings of Buddha) and the Sangha (order of monks).	Triple Gems	ရတနာသံုးပါး
Culture Shock	Prefix for adult male.	U	ဦး
Culture Shock	father	pe pe (pay pay)	ေဖေဖ
Culture Shock	mother	may may	ေမေမ
Culture Shock	aunt	daw daw	ေဒၚေဒၚ
Culture Shock	younger aunt	daw lay	ေဒၚေလး
Culture Shock	uncle	u u (oo oo)	ဦးဦး
Culture Shock	uncle (elder brother of father)	ba ba	ဘဘ
Culture Shock	elder brother	ako, ako gyi	အစ္ကို၊ အစ္ကိုႀကီး
Culture Shock	younger brother	nyi, nyi lay	ညီ၊ ညီေလး
Culture Shock	elder sister	ahma gyi	အစ္မႀကီး
Culture Shock	younger sister	nyi ma lay	ညီမေလး
Culture Shock	grandfather	po po	ဘိုးဘိုး
Culture Shock	grandmother	pwa pwa	ဘြားဘြား
Culture Shock	person with power, clout	ah kaung	အားေကာင္း
Culture Shock	to be full of air, wind, thus just talk	ar loo myar	အာလူးမ်ား
Culture Shock	to be flat on one’s back, dead tired	flat pya	ဖလက္ျပား
Culture Shock	to be absent without leave	free yike	ဖရီး႐ိုက္
Culture Shock	to get rich quick	htaw	ေထာ
Culture Shock	to get disproportionate profit out of trade deal, a rip off	hlee (or) pah pah hlee	လွီး (သို႔မဟုတ္) ပါးပါးလွီး
Culture Shock	imitation, fake	im/in	အင္
Culture Shock	coy, hesitant, reluctant	in tin tin	အင္တင္တင္
Culture Shock	political affiliation (e.g. no kahlah: having no affiliation)	kah lah	ကုလား
Culture Shock	to get a hair cut	kay khoke	ေကခုတ္
Culture Shock	don’t pay attention to, give no importance to	khauk htar	ေခါက္ထား
Culture Shock	smart, sharp looking, sophisticated, clever (about behaviour or clothes)	mike tei	မိုက္တယ္
Culture Shock	medical leave certificate, also Master of Ceremonies	MC	အမ္စီ
Culture Shock	out of date model (used for clothes, cars, shoes)	Model out	ေမာ္ဒယ္ေအာက္
Culture Shock	prison, jail, concentration camp	Maw sa ko	ေမာ္စကို
Culture Shock	out of things, out of sync or rhythm, out of line	out nay dei	ေအာက္ေနတယ္
Culture Shock	tea or coffee?	Tea lah, kaw lah	တီးလား၊ ေကာ္လား
Culture Shock	without equal, the very limit (derogatory sense), absolutely awful	No two	ႏိုးတူး
Culture Shock	don’t have (it), (it’s) not here	No is	ႏိုးအစ္
Culture Shock	show off too much	pei myar dei	ပဲမ်ားတယ္
Culture Shock	to get a visa to stay in a foreign country	stay ya dei	စေတးရတယ္
Culture Shock	to go to another country on expiry of visa so as to extend or renew the visa by re-entering	stay shaung de	စေတးေ႐ွာင္တယ္
Culture Shock	to keep for oneself, to steal	toh htar	တိုထား
Culture Shock	interview for a job	view	ဗ်ဴး
Culture Shock	toilet	WC	ဒဗလ်ဴစီ
Culture Shock	to have an obsession, fixation, weird, odd	yaw gar	ေရာဂါ
Culture Shock	to skim off for personal gain from somewhere	yeik	ရိတ္
Culture Shock	Japanese	Ga ngei, ja or gya	ဂငယ္၊ ဂ်
Culture Shock	Thai	Ya p’let	ယပက္လက္
Culture Shock	Malaysian	Ma	မ
Culture Shock	Indonesian	In	အင္
Culture Shock	Singaporean	Sa’lone	စလံုး
Culture Shock	Myanmar citizens (of the Golden Land)	Shwe or shway	ေ႐ႊ
Culture Shock	Filipino	Hpa-oh-htoke	ဖဦးထုပ္
Culture Shock	to have heart disease	heart shi de	့ဟတ္ထ္႐ွိတယ္
Culture Shock	to have a gastric ulcer	gastric shi de	ဂတ္စ္ထရစ္႐ွိတယ္
Culture Shock	to have cancer	CA shi de	စီေအ႐ွိတယ္
Culture Shock	to have a caesarian section, operation	CS loke te	စီအက္စ္႐ွိတယ္
Culture Shock	homosexual, gay	ah chauk	အေျခာက္
Culture Shock	lesbian	ACT	ေအစီတီ
Basic Communication	year	(--)khu-hnit	ခုနွစ္
Basic Communication	strength,power	a	အား။
Basic Communication	idea	a-can	အျကံ
Basic Communication	NCO training	a-cat t(d(in-dan	အျကပ္သင္တန္း
Basic Communication	reason	a-caun	အေျကာင္း
Basic Communication	about	a-caun	အေျကာင္း။
Basic Communication	to inform	a-chaun ca(de)	အေျကာင္းျကား(တယ္)။
Basic Communication	traffic signal	a-che -pya-mi	အခ်က္ျပမီး ။
Basic Communication	time schedule	a-chein-za-ya	အခ်ိန္ဇယား။
Basic Communication	something sour (food)	a-chin	အခ်ဥ္ ။
Basic Communication	the oldest, the biggest, the largest	a-ci-zoun	အျကီးဆံုး။
Basic Communication	change (money )	a-cwei	အေျကြ
Basic Communication	to be free, at leisure	a-de	အားတယ္
Basic Communication	meaning	a-deit-be	အဓိပါၸယ္ ။
Basic Communication	aunt	a-do	အေဒၚ။
Basic Communication	to catch cold	a-ei-mi-de	အေအးမိတယ္။
Basic Communication	now	a-gu	ယခု။
Basic Communication	just now	a-gu-be	အခုဘဲ
Basic Communication	old , ex--	a-haun	အေဟာင္း
Basic Communication	turn	a-hle	အလွည့္
Basic Communication	mistake	a-hma	အမွား ။
Basic Communication	number	a-hmat	အမွတ္။
Basic Communication	in time for	a-hmi	အမွီ။
Basic Communication	cannon	a-hmyau	အေျမာက္။
Basic Communication	room	a-khan	အခန္း။
Basic Communication	permission , leave	a-khwin	အခြင့္
Basic Communication	brother	a-kou	အစ္ကို။
Basic Communication	help, assistance	a-ku-a-nyi	အကူအညီ။
Basic Communication	middle (size/age)	a-lat	အလတ္။
Basic Communication	center, middle	a-le	အလယ္။
Basic Communication	to salute	a-lei pyu(de)	အေလးျပဳ (တယ္)။
Basic Communication	work, occupation	a-lou	အလုပ္။
Basic Communication	to do work, to work	a-lou lou(te)	အလုပ္လုပ္(တယ္ )။
Basic Communication	laborer, workman	a-lou-ta-ma	အလုပ္သမား။
Basic Communication	all	a-loun	အားလံုး
Basic Communication	work,occupation	a-lout - a-kain	အလုပ္အကိုင္။
Basic Communication	duty	a-lout -wut-ta-ya	အလုပ္ဝတၲရား။
Basic Communication	elder sister	a-ma	အစ္မ။
Basic Communication	beef	a-me-ta	အမဲသား ။
Basic Communication	mother	a-mei	အေမ။
Basic Communication	order	a-mein	အမိန္႔
Basic Communication	mostly , usaually, generally	a-mya-a-phyin	အမ်ားအားျဖင့္။
Basic Communication	a lot , very much	a-mya-ji	အမ်ားျကီး
Basic Communication	maximum ,at the most	a-mya-zoun	အမ်ားဆံုး
Basic Communication	lady, woman	a-myou-ta-mi	အမ်ိဳးသမီး။
Basic Communication	to be deterred by the fear of offending	a-na-de	အားနာတယ္
Basic Communication	odor, smell	a-nan	အနံ႔ ။
Basic Communication	to be weak	a-ne-de	အားနည္းတယ္။
Basic Communication	father	a-phei	အေဖ
Basic Communication	as	a-phyiy, a-phyit-ne	အျဖစ္နဲ႔
Basic Communication	upstairs	a-po-dat	အေပၚထပ္
Basic Communication	food	a-sa	အစာ
Basic Communication	green	a-sein	အစိမ္း
Basic Communication	Asia	a-sha-tai	အာ႐ွတိုက္
Basic Communication	building	a-shaut-a-u	အေဆာက္အဦး
Basic Communication	always	a-sin	အစဥ္
Basic Communication	government	a-sou-ya	အစိုးရ
Basic Communication	Official business , government business	a-sou-ya keit-sa	အစိုးရကိစၥ
Basic Communication	age	a-t(d)e	အသက္
Basic Communication	new	a-t(d)it	အသစ္
Basic Communication	class	a-tan	အတန္း
Basic Communication	upto	a-thi	အထိ
Basic Communication	special	a-thu	အထူး
Basic Communication	fairly , quite	a-to-a-tan	အေတာ္အတန္
Basic Communication	just right	a-to-be	အေတာ္ဘဲ
Basic Communication	for	a-twet	အတြက္
Basic Communication	officer, official	a-ya-shi	အရာ႐ွိ
Basic Communication	Officers' Mess	a-ya-si-mya yeit-t(d)a	အရာရွိမ်ားရိပ္သာ
Basic Communication	civilian	a-yat-t(d)a	အရပ္သား
Basic Communication	liquor	a-ye	အရက္
Basic Communication	before , previous	a-yin	အရင္
Basic Communication	to be in a hurry	a-yin-lou-de	အရင္လိုတယ္
Basic Communication	picture	a-you-ka	အ႐ုပ္ကား
Basic Communication	India	ain-di-ya-pyi	အိႏိၵယျပည္။
Basic Communication	under	au-hma	ေအာက္မွာ
Basic Communication	lower floor , downstairs	aut-that	ေအာက္ထပ္
Basic Communication	what	ba	ဘာ
Basic Communication	polite particle	ba or pa	ပါ
Basic Communication	plate	ba-gan-bya	ပုဂံျပား
Basic Communication	Burmese	ba-ma	ဗမာ
Basic Communication	Burma	ba-ma-pyi	ဗမာျပည္
Basic Communication	Why	ba-phyit-lou-le	ဘာျဖစ္လို႔လဲ
Basic Communication	mouth	ba-zat	ပါးစပ္
Basic Communication	bank	ban-dai or ban	ဘဏ္တိုက္။ ဘဏ္
Basic Communication	trousers	baun-bi	ေဘာင္းဘီ
Basic Communication	left : which	be	ဘယ္
Basic Communication	at what time	be-a-chein hma	ဘယ္အခ်ိန္မွာ
Basic Communication	at anytime	be-a-chein-ma-shou	ဘယ္အခ်ိန္မဆို
Basic Communication	left side	be-bet	ဘယ္ဘက္
Basic Communication	when (past)	be-doun-ga	ဘယ္တံုးက
Basic Communication	from where	be-ga	ဘယ္က
Basic Communication	where to	be-gou	ဘယ္ကို
Basic Communication	which (things)	be-ha	ဘယ္ဟာ
Basic Communication	where	be-hma	ဘယ္မွာ
Basic Communication	How is it ?	be-hne-le	ဘယ္နွယ္လဲ
Basic Communication	how much	be-lau	ဘယ္ေလာက္
Basic Communication	how	be-lou	ဘယ္လို
Basic Communication	which days	be-nei	ဘယ္ေန႔
Basic Communication	who, whose	be-tu/ be-t(d)u	ဘယ္သူ / ဘယ္သူ႔
Basic Communication	just , only	be,pe	ဘဲ
Basic Communication	beside	bei-hma	ေဘးမွာ
Basic Communication	side	bet	ဘက္
Basic Communication	library	bi-da-ga-tai	ဝိဋကတ္တိုက္
Basic Communication	on, over , above	bo-hma,po-hma	ေပၚမွာ
Basic Communication	1st lieutenant	bou	ဗိုလ္
Basic Communication	worth (ten dollars worth )	bou (ta-she-bou)	ဘိုး (တဆယ္ဘိုး)
Basic Communication	Wednesday	bou-da-hu-nei	ဗုဒၶဟူးေန႔
Basic Communication	major	bou-hmu	ဗိုလ္မွ ူး
Basic Communication	colonel	bou-hmu-ji	ဗိုလ္မႉးႀကီး
Basic Communication	captain	bou-ji	ဗိုလ္ႀကီး
Basic Communication	to , for (to speak ; for speaking )	bou(pyo-bou)	ဘို႔(ေျပာဘို႔)
Basic Communication	for (for him )	bou(t(d)u-bou)	ဘို႔ (သူ႔ဘို႔)
Basic Communication	have--ever (have you ever eaten )	bu,phu (sa-bu-t(d)a-la)	ဘူး (စားဘူးသလား)
Basic Communication	window	bya-din-bau	ျပတင္းေပါက္
Basic Communication	let me , may I	bya-zei	ပါရေစ
Basic Communication	to hear	ca /kya (de)	ၾကား (တယ္)
Basic Communication	Kyat (Burmese money)	ca ^	က်ပ္
Basic Communication	to take long , to be long (time)	ca-de	ကာတယ္
Basic Communication	for a long time	ca-ja	ျကာျကာ
Basic Communication	Thursday	ca-t(d)a-ba-dei-nei	ၾကာသပေတး ေန႔
Basic Communication	to like	cait-te	ျကိုက္တယ္
Basic Communication	floor	can-byin	ၾကမ္းျပင္
Basic Communication	school	caun	ေက်ာင္း
Basic Communication	school teacher (masculine)	caun sha-ya	ေက်ာင္းဆရာ
Basic Communication	student (masculine)	caun-t(d)a	ေက်ာင္းသား
Basic Communication	loudly	ce-je	က်ယ္က်ယ္
Basic Communication	please	cei-zu-pyu-pi	ေက်းဇူးျပဳျပီး
Basic Communication	thank you	cei-zu-tin-ba-de	ေက်းဇူးတင္ပါတယ္
Basic Communication	six	chau	ေျခာက္
Basic Communication	six shooter	chau-loun-byu	ေျခာက္လံုးျပဴး
Basic Communication	sixty	chau-she'	ေျခာက္ဆယ္
Basic Communication	classifier	chaun	ေခ်ာင္း
Basic Communication	check (money )	chet-let-hmat	ခ်က္လက္မွတ္
Basic Communication	leg	chi-dau	ေျခေထာက္
Basic Communication	sock	chi-ei	ေျခအိတ္
Basic Communication	to look	ci-de	ျကည့္တယ္
Basic Communication	Army language school	ci-ta ba-t(d)a-za-ga t(d)in caun	ၾကည္းတပ္ဘာသာစကားသင္ေက်ာင္း
Basic Communication	ahead of time , in advance	cou-tin	ကိုတင္
Basic Communication	to try, strive	cou-za-de	ျကိုးစားတယ္
Basic Communication	we (masculine)	cun-do-dou	ကြၽန္ေတာ္တို႔
Basic Communication	I (masculine)	cun-do'	ကြၽန္ေတာ္
Basic Communication	my,me,mine (masculine)	cun-do`	ကြၽန္ေတာ့္
Basic Communication	I (female)	cun-ma	က်ြန္မ
Basic Communication	this	da	ဒါ
Basic Communication	verb affix (change a verb to a noun)	da , tha	#NAME?
Basic Communication	That is all	da-ba-be	ဒါပါဘဲ
Basic Communication	one week, one cycle	da-bat	တပတ္
Basic Communication	but,however	da-bei-me	ဒါေပမဲ့
Basic Communication	bridge	da-daa	တံတား
Basic Communication	one dollar	da-do-la-dan	တေဒၚလာတန္
Basic Communication	a one dollar bill	da-do-la-dan ta-ywet	တေဒၚလာတန္စကၠဴတရႊက္
Basic Communication	door	da-ga	တံခါး
Basic Communication	then only	da-hma	ဒါမွ
Basic Communication	dagger	da-hmyaun	ဓားေျမႇာင္
Basic Communication	that's why	da-jaun	ဒါေျကာင့္
Basic Communication	flashlight battery	da-khe	ဓာတ္ခဲ
Basic Communication	this much , like this , so much	da-laut	ဒါေလာက္
Basic Communication	electric light	da-mi	ဓာတ္မီး
Basic Communication	then , if that's so	da-phyin	ဒါျဖင့္
Basic Communication	photograph	da-poun	ဓာတ္ပံု
Basic Communication	phonograph record	da-pya	ဓာတ္ျပား
Basic Communication	phonograph	da-se	ဓာတ္စက္
Basic Communication	postage stamp	da-zei-gaun	တံဆိပ္ေခါင္း
Basic Communication	knife	daa	ဓား
Basic Communication	to know how , in the habit of	dat-te	တတ္တယ္
Basic Communication	verb affix (statement)	de	တယ္
Basic Communication	when	de-a-kha	တဲ့အခါ
Basic Communication	just,only	de-be, the-be	တည္းဘဲ
Basic Communication	into	de-gou , the-gou	ထဲကို
Basic Communication	in	de-hma	ထဲမွာ
Basic Communication	plural noun affix	dei	ေတြ
Basic Communication	this	di	ဒီ
Basic Communication	here (to)	di-gou	ဒီကို
Basic Communication	here (at)	di-hma	ဒီမွာ
Basic Communication	is that so ?	di-lou-la	ဒီလိုလား
Basic Communication	today	di-nei	ဒီေန႔
Basic Communication	about to	do-me, to-me	ေတာ့မယ္
Basic Communication	plural affix for personal pronouns in colloquial speech	dou	တို႔
Basic Communication	while	doun (nei-doun)	တံုး (ေနတံုး)
Basic Communication	Don't bother	dout-kha-ma-sa-ba-ne	ဒုကၡမရွာပါနဲ႔
Basic Communication	2nd lieutnenant	du-bou	ဒုဗိုလ္
Basic Communication	lieutenant colonel	du-bou-hmu-ji	ဒုဗိုလ္မႉးႀကီး
Basic Communication	that (the thing with or close to second person )	e-da	အဲဒါ
Basic Communication	guest	e-t(d)e	ဧည့္သည္
Basic Communication	to be cold	e^I (de)	ေအး(တယ္)
Basic Communication	pocket, bag	ei (ate)	အိတ္
Basic Communication	to sleep	ei (te)	အိပ္(တယ္)
Basic Communication	bedroom	ei-khan	အိပ္ခန္း
Basic Communication	house	ein	အိမ္
Basic Communication	compass	ein-hmyaun	အိမ္ေျမႇာင္
Basic Communication	from	ga	က
Basic Communication	belt	ga-ba	ခါးပတ္
Basic Communication	to play	ga-za(de)	ကစား (တယ္)
Basic Communication	head	gaun	ေခါင္း
Basic Communication	to comb the hair	gaun phi(de)	ေခါင္းၿဖီး (တယ္)
Basic Communication	verb affix (it implies that the action expressed by the verb is followed by going away	ge,khe	ခဲ့
Basic Communication	verb affix (past tense)	ge,khe	ခဲ့
Basic Communication	what about , how about	go	ေကာ
Basic Communication	to	gou	ကို
Basic Communication	opportunity , chance , privilege	gwin, khwin	ခြင့္
Basic Communication	to be beautiful , pretty	hla-de	လွတယ္
Basic Communication	spear	hlan	လွံ
Basic Communication	bayonet	hlan-zu	လွံစြတ္
Basic Communication	cart	hle	လွည္း
Basic Communication	boat	hlei	ေလွ
Basic Communication	saw	hlwa	လႊ
Basic Communication	at	hma	မွာ
Basic Communication	to order something (food, etc.)	hma-de	မွာတယ္
Basic Communication	has, have	hma…si(de)	မွာ---႐ွိ(တယ္)
Basic Communication	notebook	hmat-su sa-ou	မွတ္စုစာအုပ္
Basic Communication	ink bottle	hmin-ou	မွင္အိုး
Basic Communication	tower	hmyo-zin	ေျမႇာ္စင္
Basic Communication	two o'clock	hna na-yi	ႏွစ္နာရီ
Basic Communication	younger sister of the male	hna-ma	ႏွမ
Basic Communication	twenty	hna-she	ႏွစ္ဆယ္
Basic Communication	slowly	hnei-hnei	ေႏွးေႏွး
Basic Communication	year	hni	ႏွစ္
Basic Communication	two	hni or hna	ႏွစ္
Basic Communication	fog , mist	hnin	နွင္း
Basic Communication	to cut (hair)	hnyat-te	ညွပ္တယ္
Basic Communication	that (adj.)	hou	ဟို
Basic Communication	that (over there) , things away from both the persons speaking	hou-ha	ဟိုဟာ
Basic Communication	there at	hou-hma	ဟိုမွာ
Basic Communication	yes, it's so	hout-pa-de	ဟုတ္ပါတယ္
Basic Communication	That's right , All right.	hout-pi	ဟုတ္ျပီ
Basic Communication	Is that so? Is it so ?	hout-t(d)a-la	ဟုတ္သလား
Basic Communication	verb affix (plural)	ja	ၾက
Basic Communication	let us	ja-zou	ျကစို႔
Basic Communication	kyat (burmese money)	jat	က်ပ္
Basic Communication	Indian	ka-la	ကုလား
Basic Communication	chair	ka-la-thain	ကုလားထိုင္
Basic Communication	pen	ka-laun-dan	ကေလာင္တံ
Basic Communication	to dance	ka(de)	က(တယ္)
Basic Communication	card	kat-pya	ကပ္ျပား
Basic Communication	All right .	kaun-ba-bi	ေကာင္းပါျပီ
Basic Communication	to be good	kaun-de	ေကာင္းတယ္
Basic Communication	well	kaun-gaun	ေကာင္းေကာင္း
Basic Communication	well (adv)	kaun-gaun	ေကာင္းေကာင္း
Basic Communication	Well	ke	ကဲ
Basic Communication	cake	keit-moun	ကိတ္မုန္႔
Basic Communication	business, matter	keit-sa	ကိစၥ
Basic Communication	It does not matter	keit-sa-ma-si-ba-bu	ကိစၥမရွိပါဘူး
Basic Communication	a moment , awhile	kha-na	ခဏ
Basic Communication	fork	kha-yin	ခက္ရင္း
Basic Communication	to ask or to order someone to do something	khai-de	ခိုင္းတယ္
Basic Communication	The bell has rung	khaun-=laun-thou-bi	ေခါင္းေလာင္းထိုးျပီ
Basic Communication	bell	khaun-laun	ေခါင္းေလာင္း
Basic Communication	pencil	khe-dan	ခဲတံ
Basic Communication	verb affix (It implied that the action expressed by the verb is going away .)	khe,ge	ခဲ့
Basic Communication	verb affix (past tense)	khe,ge	ခဲ့
Basic Communication	to be difficult	khet-te	ခက္တယ္
Basic Communication	you (masculine)	khin-bya	ခင္ဗ်ား
Basic Communication	you (plural)	khin-bya-dou	ခင္ဗ်ားတို႔
Basic Communication	you, your (masculine )	khin-bya`	ခင္ဗ်ာ့
Basic Communication	to call	kho-de	ေခၚတယ္
Basic Communication	opportunity , privilege, chance	khwin, gwin	ခြင့္
Basic Communication	to stand guard	kin saun (de)	ကင္းေစာင့္(တယ္)
Basic Communication	what about , how about	ko	ေကာ
Basic Communication	coat	kout-in -ji	ကုပ္အက်ႌ
Basic Communication	to help	ku-nyi-de	ကူညီတယ္
Basic Communication	month	la	လ
Basic Communication	to come and visit	la-le-de	လာလည္တယ္
Basic Communication	coming month	la-me la	လာမည့္လ
Basic Communication	tea (liquid )	la-phet-yei	လၻက္ရည္
Basic Communication	to come and meet	la-twei-de	လာေတြ႔တယ္
Basic Communication	monthly dues, subscription	la-zin-jei	လစဥ္ေျကး
Basic Communication	to come	la(de)	လာ(တယ္)
Basic Communication	interrogative affix	laa	လား
Basic Communication	will take (someone to a place)	lait-pou-me	လိုက္ပို႔မယ္
Basic Communication	to follow , to accompany , come or go along	lait-te	လိုက္တယ္
Basic Communication	road, street	lan	လမ္း
Basic Communication	to walk	lan saut (te)	လမ္းေလ်ွာက္(တယ္)
Basic Communication	about (quantity )	laut	ေလာက္
Basic Communication	also	le	လည္း
Basic Communication	interrogative affix	le	လဲ
Basic Communication	to change	le-de	လဲတယ္
Basic Communication	farmer	le-t(d)a-ma	လယ္သမား
Basic Communication	necktie	le-zi	လည္စည္း
Basic Communication	to be windy	lei than(de)	ေလထန္(တယ္)
Basic Communication	to practice	lei-cin-de	ေလ့က်င့္တယ္
Basic Communication	airplane	lei-yin-byan	ေလယာဥ္ပ်ံ
Basic Communication	airport	lei-zeit	ေလဆိပ္
Basic Communication	will , will probably	lein-me	လိမ့္မယ္
Basic Communication	address	leit-sa	လိပ္စာ
Basic Communication	address card	leit-sa kat-pya	လိပ္စာကပ္ျပား
Basic Communication	hand, arm	let	လက္
Basic Communication	classifier	let	လက္
Basic Communication	flashlight	let-hnei-dat-mi	လက္ႏွိပ္ဓာတ္မီး
Basic Communication	typewriter	let-hnei-set	လက္ႏွိပ္စက္
Basic Communication	handkerchief	let-khain-bwa	လက္ကိုင္ပဝါ
Basic Communication	to accept	let-khan-de	လက္ခံတယ္
Basic Communication	grenade (hand )	let-pyit-boun	လက္ပစ္ဗံုး
Basic Communication	carpenter	let-t(d)a-ma	လက္သမား
Basic Communication	napkin	let-t(d)out-pa-wa	လက္သုတ္ပဝါ
Basic Communication	assistant	let-thaut	လက္ေထာက္
Basic Communication	that (conj.)	lo`u	လို႔
Basic Communication	beacause	lo`u	လို႔
Basic Communication	to want	lou-jin-de	လိုခ်င္တယ္
Basic Communication	like as	lou,lou-be	လိုဘဲ
Basic Communication	classifier for furniture : also for all round and spherical, globular and oval objects	loun	လံုး
Basic Communication	to do , to work	lout (te)	လုပ္တယ္
Basic Communication	Bachelor Officers	lu-byou a-ya-si-	လူပ်ိဳအရာရွိ
Basic Communication	nationality, race	lu-myou	လူမ်ိဳး
Basic Communication	last month	lun-ge-de la	လြန္ခဲ့တဲ့ လ
Basic Communication	to be easy	lwe-de	လြယ္တယ္
Basic Communication	before (before drinking )	ma--khin (ma-t(d)aut-khin)	မ--ခင္
Basic Communication	no, it's not so	ma-hout-pa-bu	မဟုတ္ပါဘူး
Basic Communication	more than , not only	ma-ka-bu	မကဘူး
Basic Communication	interrogative affix (future)	ma-la	မလား
Basic Communication	going to	ma-lou	မလို႔
Basic Communication	yesterday	ma-nei-ga	မေန႔က
Basic Communication	morning	ma-net	မနက္
Basic Communication	tomorrow	ma-net-phyan	မနက္ျဖန္
Basic Communication	morning meal	ma-net-sa	မနက္စာ
Basic Communication	I don't smoke, I don't drink. (not in th habit or addicted to smoking or drinking etc.)	ma-t(d)aut-tat-pa-bu	မေသာက္တတ္ပါဘူး
Basic Communication	mile	main	မိုင္
Basic Communication	the month (March )	mat-la	မတ္လ
Basic Communication	upright	mat-mat	မတ္မတ္
Basic Communication	to stand	mat-tat-yat(te)	မတ္တတ္ရပ္(တယ္)
Basic Communication	younger brother of the female	maun	ေမာင္
Basic Communication	brother and sister	maun-hna-ma	ေမာင္ႏွစ္မ
Basic Communication	shall, will (verb affix-future)	me	မည္
Basic Communication	that will-- (the day (that) you will come )	me (la-me-nei)	မဲ့
Basic Communication	to ask , to question	mei	ေမး
Basic Communication	to forget	mei-de	ေမ့တယ္
Basic Communication	question	mei-gun	ေမးခြန္း
Basic Communication	to ask question, to question	mei-gun mei(de)	ေမးခြန္း ေမး(တယ္)
Basic Communication	to answer question	mei-gun phyei(de)	ေမးခြန္း ေျဖ(တယ္)
Basic Communication	girl	mein-kha-lei	မိန္းခေလး
Basic Communication	woman, wife	mein-ma	မိန္းမ
Basic Communication	to introduce one person to another	meit-shet-pei-de	မိတ္ဆက္ေပးတယ္
Basic Communication	friend	meit-shwei	မိတ္ေဆြ
Basic Communication	magazine	met-ga-zin	မဂၢဇင္း
Basic Communication	parent	mi-ba	မိဘ
Basic Communication	matches	mi-jit	မီးျခစ္
Basic Communication	train (railways)	mi-ya-tha	မီးရထား
Basic Communication	railway station	mi-ya-tha-youn	မီးရထား ရံု
Basic Communication	automobile	mo-to-ka	ေမာ္ေတာ္ကား
Basic Communication	garage	mo-to-ka-youn	ေမာ္ေတာ္ကား ရံု
Basic Communication	to rain	mou ywa (de)	မိုးရြာတယ္
Basic Communication	to be cloudy, to be overcast	mou-oun(de)	မိုးအံု႔(တယ္)
Basic Communication	afternoon	mun-lwe	မြန္းလြဲ
Basic Communication	Quarters	mya gei-ha	မ်ားေဂဟာ
Basic Communication	too much	mya-lun-de	မ်ားလြန္းတယ္
Basic Communication	fast , quickly	myan-myan	ျမန္ျမန္
Basic Communication	map	myei-boun	ေျမပံု
Basic Communication	chalk	myei-byu	ေျမျဖဴ
Basic Communication	blackboard eraser	myei-byu-byet	ေျမျဖဴဖ်က္
Basic Communication	face	myet-hna	မ်က္ႏွာ
Basic Communication	to wash the face	myet-hna t(d)it (te)	မ်က္ႏွာသစ္ (တယ္)
Basic Communication	eye	myet-si	မ်က္စိ
Basic Communication	to see	myin (de)	ျမင္တယ္
Basic Communication	river	myit	ျမစ္
Basic Communication	town	myou	ၿမိဳ႕
Basic Communication	to understand	na le (de)	နားလည္ (တယ္)
Basic Communication	to listen	na thaun (de)	နားေထာင္(တယ္)
Basic Communication	near	na-hma	နားမွာ
Basic Communication	nose	na-khaun	ႏွာေခါင္း
Basic Communication	watch, clock	na-yi	နာရီ
Basic Communication	ear	na-ywe	နားရြက္
Basic Communication	can ,may	nain-de	နုိင္တယ္
Basic Communication	number	nan-ba	နံပါတ္
Basic Communication	number card	nan-bat kat-pya	နံပတ္ကတ္ျပား
Basic Communication	name	nan-me	နာမည္
Basic Communication	later	naut	ေနာက္
Basic Communication	behind	naut hma	ေနာက္မွာ
Basic Communication	to be late	naut-ca-de	ေနာက္က်တယ္
Basic Communication	again , more	naut-that	ေနာက္ထပ္
Basic Communication	with, by	ne	နဲ႔
Basic Communication	don't (don't go )	ne (ma-t(d)wa-ne)	နဲ႔
Basic Communication	a little	ne-ne	နည္းနည္း
Basic Communication	verb affix (continuous tense)	ne'i	ေန
Basic Communication	and	ne`	ႏွင့္
Basic Communication	day	nei	ေန႔
Basic Communication	to be sunny	nei t(d)a (de)	ေနသာ(တယ္)
Basic Communication	the middle of the day	nei-le	ေန႔လယ္
Basic Communication	to be sunny	nei-pu-de	ေနပူတယ္
Basic Communication	place	nei-ya	ေနရာ
Basic Communication	sunlight , sunshine	nei-yaun	ေနေရာင္
Basic Communication	to stay , to live	nei(de)	ေန(တယ္)
Basic Communication	five	nga	ငါး
Basic Communication	money ,sliver	ngwei	ေငြ
Basic Communication	milk	nou	နုိ႔
Basic Communication	to wake up	nou(de)	ႏိုး(တယ္)
Basic Communication	night	nya	ည
Basic Communication	right	nya	ညာ
Basic Communication	right side	nya-bet	ညာဘက္
Basic Communication	evening , the latter part of the afternoon	nya-nei	ညေန
Basic Communication	night meal , dinner	nya-za	ညစာ
Basic Communication	younger brother of the male.	nyi	ညီ
Basic Communication	brothers	nyi-a-kou	ညီအစ္ကို
Basic Communication	sisters	nyi-a-ma	ညီအစ္မ
Basic Communication	brothers and sisters	nyi-akou maun-hna-ma	ညီအစ္ကို ေမာင္ႏွမ
Basic Communication	younger sister	nyi-ma	ညီမ
Basic Communication	hat	ou-thout	ဦးထုပ္
Basic Communication	yet (in prohibitve sentences)	oun (as in; ne oun )	ဦး
Basic Communication	polite particle	pa	ပါ
Basic Communication	to be with, included , to have with	pa-de	ပါတယ္
Basic Communication	bottle	pa-lin	ပုလင္း
Basic Communication	apple	pan-t(d)i	ပန္းသီး
Basic Communication	bread	paun-moun	ေပါင္မုန္႔
Basic Communication	toast	paun-moun mi-gin	ေပါင္မုန္႔မီးကင္
Basic Communication	only, just	pe	ဘဲ
Basic Communication	to do for the other person	pei (as in : meit-shet-pei)	ေပး
Basic Communication	ruler (foot rule)	pei-dan	ေပတံ
Basic Communication	to give	pei(de)	ေပး(တယ္)
Basic Communication	to close	peit(te)	ပိတ္(တယ္)
Basic Communication	to put on shoes	pha-nat si(de)	ဘိနပ္စီး(တယ္)
Basic Communication	glass (tumbler)	phan-gwet	ဖန္ခြက္
Basic Communication	light bulb	phan-t(d)i	ဖန္သီး
Basic Communication	the month of February	phei-pha-wa-yi-la	ေဖေဖာ္ဝါရီလ
Basic Communication	side	phet	ဘက္
Basic Communication	to comb	phi (de)	ၿဖီး(တယ္)
Basic Communication	worth (one dollar worth )	phou (da-jat-phou)	ဘိုး (တက်ပ္ဘိုး)
Basic Communication	for (for the morning )	phou (ma-net-phou)	ဘို႔ (မနက္ဘို႔)
Basic Communication	to,for (to drink ; for drinking )	phou (t(d)aut-phou)	ဘို႔ (ေသာက္ဘို႔)
Basic Communication	have--ever (have you ever been)	phu, bu (yaut-phu t(d)a-la)	ဘူး
Basic Communication	to open	phwin (de)	ဖြင့္(တယ္)
Basic Communication	slowly	phyei-byei	ေျဖးေျဖး
Basic Communication	to destroy	phyet(te)	ဖ်က္(တယ္)
Basic Communication	It's possible	phyit-nain-de	ျဖစ္နုိင္တယ္
Basic Communication	after, then	pi-do	ျပီးေတာ
Basic Communication	sea	pin-le	ပင္လယ္
Basic Communication	on , over , above	po-hma	ေပၚမွာ
Basic Communication	more,better (comparative deg.)	pou	ပို
Basic Communication	to be hot	pu (de)	ပူ(တယ္)
Basic Communication	to return	pyan (de)	ျပန္(တယ္)
Basic Communication	information office	pyan-ca-yei youn	ျပန္ၾကားေရး ရံုး
Basic Communication	to move	pyaun (de)	ေျပာင္း(တယ္)
Basic Communication	to run	pyei (de)	ေျပး(တယ္)
Basic Communication	cash receipt	pyei-za-phyat-pain	ေျပစာျဖတ္ပိုင္း
Basic Communication	calendar	pyet-ga-dein	ျပကၡဒိန္
Basic Communication	French	pyin -t(d)it	ျပင္သစ္
Basic Communication	to repair	pyin (de)	ျပင္(တယ္)
Basic Communication	letter, writing	sa	စာ
Basic Communication	to study	sa cet(te)	စာက်က္(တယ္)
Basic Communication	to copy (write)	sa ku-yei (de)	စာကူးေရး(တယ္)
Basic Communication	to read	sa phat(te)	စာဖတ္(တယ္)
Basic Communication	to teach	sa t(d)in-pei (de)	စာသင္ေပး(တယ္)
Basic Communication	to learn	sa t(d)in-you(de)	စာသင္ယူ(တယ္)
Basic Communication	to write	sa yei (de)	စာေရး(တယ္)
Basic Communication	post office	sa-dait	စာတိုက္
Basic Communication	envelop	sa-eit	စာအိတ္
Basic Communication	Saturday	sa-ne'i-ne`i	စေနေန႔
Basic Communication	Book	sa-ou	စာအုပ္
Basic Communication	classroom	sa-t(d)in-gan	စာသင္ခန္း
Basic Communication	clerk	sa-yei	စာေရး
Basic Communication	if compared	sa-yin	စာရင္
Basic Communication	list , account	sa-yin	စာရင္း
Basic Communication	sheet of paper	sa-ywet	စာရြက္
Basic Communication	to eat	sa(de)	စား(တယ္)
Basic Communication	shirt	sat-in-ji	႐ွပ္အက်ႌ
Basic Communication	to wait	saun-de	ေစာင့္တယ္
Basic Communication	in front	sei-hma	ေ႐ွ႕မွာ
Basic Communication	Don't be angry, Pardon me . Excuse me	seit-ma-si-ba-ne	စိတ္မရွိပါနဲ႔
Basic Communication	bicycle	set-bein	စက္ဘီး
Basic Communication	bill	set-ku	စကၠဴ
Basic Communication	paper	set-ku	စက္ကူ
Basic Communication	machine gun	set-t(d)a-nat	စက္ေသနတ္
Basic Communication	to be angry	sha-de	ဆာတယ္
Basic Communication	lady teacher	sha-ya-ma	ဆရာမ
Basic Communication	doctor	sha-ya-wun	ဆရာဝန္
Basic Communication	shop, store	shain	ဆိုင္
Basic Communication	to dock, moor ,stop	shait (te)	ဆိုက္(တယ္)
Basic Communication	drug store	shei zain	ေဆးဆိုင္
Basic Communication	cigar	shei-byin-lei	ေဆးျပင္းလိပ္
Basic Communication	pipe	shei-dan	ေဆးတံ
Basic Communication	ash tray	shei-leit-khwet	ေဆးလိပ္ခြက္
Basic Communication	your (used by women )	shin	ရွင့္
Basic Communication	to be over , to end (class, school, office)	shin (de)	ဆင္း(တယ္)
Basic Communication	to sing	shou (de)	ဆို(တယ္)
Basic Communication	thing or person called --	shou-da	ဆိုတာ
Basic Communication	to be bad	shou-de	ဆိုးတယ္
Basic Communication	relative	shwei-myou	ေဆြမ်ိဳး
Basic Communication	you (used by women )	sin	ရွင္
Basic Communication	to inspect , examine	sit (te)	စစ္(တယ္)
Basic Communication	army	sit tat	စစ္တပ္
Basic Communication	army office	sit-bou	စစ္ဗိုလ္
Basic Communication	to inspect , examine	sit-shei (de)	စစ္ေဆး(တယ္)
Basic Communication	soldier	sit-t(d)a	စစ္သား
Basic Communication	military attache	sit-t(d)an	စစ္သံ
Basic Communication	military barrack	sit-tan-ya	စစ္တန္းလ်ား
Basic Communication	detective	soun-daut	စံုေထာက္
Basic Communication	scenery	su-hmyo-gin	ရႈေျမာ္ခင္း
Basic Communication	son	t(d)a	သား
Basic Communication	the day after tomorrow	t(d)a-bet-kha	သဘက္ခါ
Basic Communication	to sing	t(d)a-chin shou (de)	သီခ်င္းဆို(တယ္)
Basic Communication	news reporter	t(d)a-di-daut	သတင္းေထာက္
Basic Communication	to report	t(d)a-din-pou (de)	သတင္းပို႔(တယ္)
Basic Communication	newspaper	t(d)a-din-za	သတင္းစာ
Basic Communication	midnight	t(d)a-gaun	သန္းေခါင္
Basic Communication	interrogative affix	t(d)a-la	သလား
Basic Communication	interrogative affix	t(d)a-le	သလဲ
Basic Communication	daughter	t(d)a-mi	သမီး
Basic Communication	gun	t(d)a-nat	ေသနတ္
Basic Communication	to smoke, to drink	t(d)aut (te)	ေသာက္ (တယ္)
Basic Communication	Friday	t(d)aut-ca-nei	ေသာျကာေန႔
Basic Communication	yet	t(d)ei	ေသး
Basic Communication	ship	t(d)in-bo	သေဘၤာ
Basic Communication	sailor	t(d)in-bo-t(d)a	သေဘၤာသား
Basic Communication	port , whaft , harbor	t(d)in-bo-zeit	သေဘၤာဆိပ္
Basic Communication	blackboard	t(d)in-boun-ji	သင္ပုန္းျကီး
Basic Communication	tree	t(d)it-pin	သစ္ပင္
Basic Communication	key	t(d)o	ေသာ့
Basic Communication	padlock	t(d)o-ga-laut	ေသာ့ခေလာက္
Basic Communication	three	t(d)oun	သံုး
Basic Communication	they	t(d)u-do`u	သူတို႔
Basic Communication	he, she	t(d)u'	သူ
Basic Communication	his, him , her, hers	t(d)u`	သူ႔
Basic Communication	tooth	t(d)wa	သြား
Basic Communication	to go	t(d)wa (de)	သြားတယ္
Basic Communication	to brush the teeth	t(d)wa tait (te)	သြားတိုက္ (တယ္)
Basic Communication	other	ta-cha	တျခား
Basic Communication	happen to notice	ta-di-tha-mi-de	သတိထားမိတယ္။
Basic Communication	to remember	ta-di-ya-de	သတိရတယ္။
Basic Communication	sugar	ta-ja	သျကား။
Basic Communication	the day before yesterday	ta-nei-ga	တေန႔က
Basic Communication	Sunday	ta-nin-ga-nwei-nei	တနဂၤေႏြေန႔
Basic Communication	Monday	ta-nin-la-nei	တနလၤာေန႔
Basic Communication	a denomination of ten	ta-she-dan ta-ywet	တဆယ္တန္တရႊက္
Basic Communication	please	ta-sheit	တဆိပ္
Basic Communication	one thousand	ta-thaun	တေထာင္
Basic Communication	to be on duty , assigned	ta-wun-ca-de	တာဝန္က်တယ္
Basic Communication	officer in charge	ta-wun-gan a-ya-si	တာဝန္ခံအရာ႐ွိ
Basic Communication	one hundred	ta-ya	တရာ
Basic Communication	to be pleasant, beautiful	ta-ya-de	သာယာတယ္။
Basic Communication	Chinese	ta-yout	တ႐ုပ္
Basic Communication	one	ta, tit	တ/ တစ္
Basic Communication	country	tain-pyi	တိုင္းျပည္
Basic Communication	to shine , to polish	tait-te	တိုက္တယ္
Basic Communication	to fall in	tan-si(de)	တန္းစီ(တယ္)
Basic Communication	troop	tat	တပ္
Basic Communication	corporal	tat-cat	တပ္ၾကပ္
Basic Communication	sergerant	tat-cat-ci	တပ္ၾကပ္ႀကီး
Basic Communication	company	tat-khwe	တပ္ခြဲ
Basic Communication	company office	tat-khwe youn	တပ္ခြဲရံုး
Basic Communication	private (rank )	tat-t(d)a	တပ္သား
Basic Communication	recruit	tat-t(d)a-t(d)i	တပ္သားသစ္
Basic Communication	to know how , in the habit	tat-te	တတ္တယ္
Basic Communication	MP	tat-thein	တပ္ထိန္း
Basic Communication	battalion	tat-yin	တပ္ရင္း
Basic Communication	battalion commander	tat-yin-hmu	တပ္ရင္းမႉး
Basic Communication	to request, ask for	taun-de	ေတာင္းတယ္
Basic Communication	hill	taun-koun	ေတာင္ကုန္း
Basic Communication	want to drink	taut-chin-de	ေသာက္ခ်င္တယ္။
Basic Communication	plural noun affix	tei,dei	ေတြ
Basic Communication	very	teit	သိပ္။
Basic Communication	to begin (class, school, office , work )	tet	တက္
Basic Communication	dining room	tha-min-sa-gan	ထမင္းစားခန္း
Basic Communication	headquarters	tha-na-jout	ဌာနခ်ဳပ္
Basic Communication	verb affix (changes a verb to a noun )	tha,da	တာ
Basic Communication	to sit	thain (de)	ထိုင္(တယ္)
Basic Communication	only, just	the-be,de-be	ထဲဘဲ
Basic Communication	into	the-gou , de-gou	ထဲကို
Basic Communication	in	the-hma, de-hma	ထဲမွာ
Basic Communication	to think	thin-de	ထင္တယ္
Basic Communication	butter	tho-bat	ေထာပတ္
Basic Communication	to draw (money from the bank) to take out	thout (te)	ထုတ္(တယ္)
Basic Communication	to know	ti-de	သိတယ္။
Basic Communication	exactly	ti-di	တိတိ
Basic Communication	should	tin-de	သင့္တယ္။
Basic Communication	one	tit, ta	တစ္၊တ
Basic Communication	forest, wood	to	ေတာ
Basic Communication	to be clever , bright	to-de	ေတာ္တယ္
Basic Communication	about to	to-me	ေတာ့မယ္
Basic Communication	softly	tou-dou	တိုးတိုး
Basic Communication	to use	toun-de	သံုးတယ္။
Basic Communication	hammer	tu	တူ
Basic Communication	verb affix (past tense)	twa dee (as in : mei- twa - dee )	--သြားတယ္။
Basic Communication	to be glad	twa-hnin-de	သြားနွင့္တယ္။
Basic Communication	to find , to see	twei-de	ေတြ႔တယ္
Basic Communication	meeting , to have met , having to meet	twei-ya-da	ေတြ႔ရတာ
Basic Communication	uncle	u-lei	ဦးေလး
Basic Communication	Europe	u-yo-pa-tait	ဥေရာပတိုက္
Basic Communication	to buy	we (de)	ဝယ္(တယ္)
Basic Communication	to be far	wei-de	ေဝးတယ္
Basic Communication	half	wet	#NAME?
Basic Communication	to enter, to get in	win-de	ဝင္တယ္
Basic Communication	to come in , to enter	win-la-de	ဝင္လာတယ္
Basic Communication	income	win-nwei	ဝင္ေငြ
Basic Communication	to be pleased , glad	win-t(d)a-de	ဝမ္းသာတယ္
Basic Communication	to put on (clothes)	wut (te)	ဝတ္(တယ္)
Basic Communication	storybook (novel )	wut-thu sa-ou	ဝတၳဳ စာအုပ္
Basic Communication	to get , to receive	ya (de)	ရ(တယ္)
Basic Communication	bullet	yan-daun	ယမ္း ေတာင့္
Basic Communication	enemy	yan-t(d)u	ရန္သူ
Basic Communication	part of the section of the town	yat-kwet	ရပ္ကြက္
Basic Communication	to sell	yaun (de)	ေရာင္း(တယ္)
Basic Communication	classifier for person	yaut	ေယာက္
Basic Communication	to arrive (come and arrive at the place )	yaut-la (de)	ေရာက္လာ(တယ္)
Basic Communication	to arrive	yaut(te)	ေရာက္(တယ္)
Basic Communication	police officer	ye-a-ya-si	ရဲအရာ႐ွိ
Basic Communication	soldier , comrade	ye-bo	ရဲေဘာ္
Basic Communication	policeman	ye-t(d)a	ရဲသား
Basic Communication	police station	ye-tha-na	ရဲဌာန
Basic Communication	to bathe	yei-chou (de)	ေရခ်ိဳး(တယ္)
Basic Communication	to swim	yei-ku (de)	ေရကူး(တယ္)
Basic Communication	naval base	yei-tat sa-khan	ေရတပ္စခန္း
Basic Communication	date	yet-nei	ရက္ေန႔
Basic Communication	if	yin	ရင္/လ်ွင္
Basic Communication	jam	you	ယို
Basic Communication	Thai	you-da-ya	ယိုးဒယား
Basic Communication	movie theater	yout-sin-youn	ရုပ္ရွင္ရုံ။
Basic Communication	to take	yu (de)	ယူ(တယ္)
Basic Communication	village	ywa	ရြာ
Basic Communication	things to --	za ya	စရာ
Basic Communication	hair	za-bin	ဆံပင္
Basic Communication	barber shop	za-bin-hnyat-shain	ဆံပင္ညွပ္ဆိုင္
Basic Communication	barber	za-bin-hnyat-t(d)a-ma	ဆံပင္ညွပ္သမား
Basic Communication	to get a hair cut , to cut hair	za-bin-hnyat-te	ဆံပင္ညွပ္တယ္
Basic Communication	table	za-bwe	စားပြဲ
Basic Communication	to talk , to speak	za-ga pyo (de)	စကားေျပာ(တယ္)
Basic Communication	speaking	za-ga-byo	စကားေျပာ
Basic Communication	by the way	za-ga-ma-sat	စကားမစပ္
Basic Communication	verb affix (precative)	zan	စမ္း
Basic Communication	to want (someone) / to do something	zei jin de	ေစခ်င္တယ္
Basic Communication	to shop	zei we (de)	ေစ်းဝယ္(တယ္)
Basic Communication	vendor	zei-t(d)e	ေစ်းသည္
Basic Communication	spoon	zun	ဇြန္း
