1176	မစ္စတာတာနာခါဟာ ကျောင်းသား မဟုတ်ပါဘူး။	Mr. Tanaka is not a student.
1178	အဖေက ကျောင်းဆရာပါ။	My father is a teacher.
1180	ကျောင်းပိတ်တယ်။	The school is closed.
1194	တိုကျိုမှာ နေသာတယ်။	It's sunny in Tokyo.
1222	ပန်းခြံမှာ သစ်ပင်တွေ ရှိတယ်။	There are trees in the park.
1229	မစ္စတာတာနာခါ ဘယ်မှာ ရှိသလဲ။	Where is Mr. Tanaka?
1233	ပိုက်ဆံ မရှိဘူး။	I haven't any money.
1244	စာရေးခုံပေါ်မှာ စာအုပ် ရှိတယ်။	The book is on the desk.
1245	စာရေးခုံအောက်မှာ လွယ်အိတ် ရှိတယ်။	The bag is under the desk.
1246	အိတ်ထဲမှာ မှတ်စုစာအုပ် ရှိတယ်။	Inside the bag, is a note book.
1247	မစ္စတာတာနာခါရဲ့ ညာဘက်မှာ မစ္စတာယာမာဒါ ရှိတယ်။	On the right side of Mr. Tanaka, is Mr. Yamada.
1248	မစ္စတာတာနာခါရဲ့ ဘယ်ဘက်မှာ မစ္စတာခိမုရ ရှိတယ်။	On the left side of Mr. Tanaka, is Mr. Kimura.
1249	အိမ်ရဲ့ အရှေ့မှာ ကြောင် ရှိတယ်။	There is a cat in front of the house.
1250	အိမ်ရဲ့ အနောက်ဘက်မှာ ကား ရှိတယ်။	There is a car behind the house.
1251	စာတိုက်ပုံးက အိမ်နဲ့ မျက်နှာချင်းဆိုင်မှာ ရှိတယ်။	The mailbox is on the opposite side of the house.
1254	မစ္စတာယာမာဒါက စာသင်ခန်းရဲ့ အပြင်မှာ ရှိတယ်။	Mr. Yamada is at outside of the class.
1255	အိမ်ရဲ့ အရှေ့က ပန်းခြံပါ။	In front of the house, is a garden.
1257	ကျောင်းက အိမ်နားမှာပါ။	The school is near the house.
1258	စာအုပ်က လွယ်အိတ်ထဲမှာပါ။	The book is inside the bag.
1259	ကျွန်တော့် ဘောပင်က ဒီဟာပါ။	This is my pen.
1264	ဂျပန်စာစာသင်ခန်းက ဘယ်မှာလဲ။	Where is the Japanese class?
1268	အဲဒါ ဘယ်တုန်းက သတင်းစာလဲ။	When was the newspaper issued?
1274	စာသင်ခန်းမှာ ကွန်ပျူတာအသစ် ရှိတယ်။	The classroom has a new computer.
1275	သေတ္တာပုံးထဲမှာ ခွေးသေးသေးလေး ရှိတယ်။	There is a tiny puppy inside the box.
1276	မစ္စတာတာနာခါဟာ တက်တက်ကြွကြွရှိတဲ့ လူ ဖြစ်တယ်။	Mr. Tanaka is quite an active person.
1280	ဘယ်လို ရုပ်ရှင်မျိုးလဲ။	What kind of movie?
1281	ဂျပန်ရဲ့ ရုပ်ရှင်ကားဟောင်းပါ။	An old Japanese movie.
1286	ဘယ်လိုဖိနပ်မျိုးကို ဝယ်မလဲ။	What kind of shoes shall we buy?
1291	ဂျပန်စာအဘိဓာန်က အဲဒါပါ။	That is the Japanese dictionary.
1296	မစ္စတာတာနာခါရဲ့ အိတ်က အဲဒီမှာ ရှိတယ်။	Mr. Tanaka's bag is over there.
1297	အဲဒီစာအုပ်က ကျွန်တော့်ဟာပါ။	That book is mine.
1299	ဟိုမှာ ဆရာ ရှိတယ်။	The teacher is over there.
1302	အဲဒီအိတ်ကြီးက ကျွန်တော့်ဟာပါ။	That big bag is mine.
1305	တစ်ဆိတ်လောက် မေးပါရစေ၊ အိမ်သာက ဘယ်နားမှာပါလဲ။	Excuse me. Where is the restroom?
1308	အဲဒီအိတ်က ဘယ်သူ့ဟာလဲ။	Whose bag is that?
1311	အဲဒါ မစ္စတာတာနာခါရဲ့ ဥစ္စာပါ။	That is Mr. Tanaka's.
1312	ဆရာ့ကားက ဘယ်မှာလဲ။	Where is your car, sir?
1319	ကိတ်မုန့် ခုနစ်ခု ရှိတယ်။	There are seven cakes.
1320	ဒီဘောပင် ဘယ်လောက်လဲ။	How much is this pen?
1322	တံဆိပ်ခေါင်း ဆယ်ခုနဲ့ ပို့စကတ် သုံးခု ဝယ်မယ်။	I'd like to buy ten stamps and three postcards.
1323	ဆရာရဲ့ စာကြည့်စားပွဲပေါ်မှာ အဘိဓာန် နှစ်အုပ်နဲ့ မဂ္ဂဇင်း တစ်အုပ် ရှိတယ်။	There are two dictionaries and a magazine on the teacher's desk.
1326	အဲဒီမှာ လက်ကိုင်ပုဝါ ဘယ်နှထည် ရှိသလဲ။	How many handkerchiefs are there?
1330	အခု ငါးနာရီ ထိုးပြီ။	It's five o'clock now.
1333	အခု ဘယ်နှနာရီ ဘယ်နှမိနစ် ရှိပြီလဲ။	What time exactly is it now?
1334	ဆယ်နာရီ ငါးဆယ့်တစ်မိနစ်ပါ။	It's 10:51
1335	ဒီနေ့ ဘာလ ဘာရက်လဲ။	What day is today?
1341	တီဗွီက စန္ဒရားဘေးမှာ ရှိတယ်။	The television is beside the piano.
1348	မနက်ဖန် နေ့လယ် ဆို အတန်း ပြီးပြီ။	The class will be finished by tomorrow afternoon.
1349	နေ့တိုင်း ကျောင်း သွားတယ်။	[I] go to school every day.
1350	မစ္စတာတာနာခါက စာကြည့်တိုက်မှာ စာဖတ်ပေမယ့် ကျွန်တော်ကတော့ အိမ်မှာပဲ ဖတ်တယ်။	Although Mr. Tanaka reads at the library, I read at home.
1356	မနေ့တုန်းက ကျွန်တော် စာဖတ်တယ်။	I read yesterday.
1367	အိမ်ပြန်မယ်။	Let's go home.
1369	ဟင့်အင်း၊ မသွားဘူး။	No, [I] won't go.
1371	မစ္စတာတာနာခါ ကိုကာကိုလာ သောက်တယ်။	Mr. Tanaka drinks Coca Cola.
1378	မစ္စတာတာနာခါဆီကို စာပို့မယ်။	I will send a letter to Mr. Tanaka.
1379	မစ္စတာယာမာဒါကို ပိုက်ဆံချေးမယ်။	I will lend money to Mr. Yamada.
1380	မစ္စတာခိမုရကို အင်္ဂလိပ်စာ သင်တယ်။	I teach English to Mr. Kimura.
1382	မစ္စတာယာမာဒါဆီက ပိုက်ဆံချေးတယ်။	I borrow money from Mr. Yamada.
1386	စာရေးခုံပေါ်မှာ စာအုပ် ထားတယ်။	I put the book on the desk.
1388	ကျွန်တော် ခုနစ်နာရီခွဲမှာ အိပ်ရာထတယ်။	I get up at half past seven.
1389	ဆယ့်တစ်နာရီမှာ အိပ်တယ်။	I go to sleep at eleven o'clock.
1392	တနင်္ဂနွေနေ့မှာ တင်းနစ်ရိုက်တယ်။	[I] play tennis on Sunday.
1393	ဘယ်တော့ တင်းနစ် ရိုက်မလဲ။	When will [you/we] play tennis?
1396	ရုပ်ရှင် ကြည့်ခဲ့တယ်။	[I] watched a movie.
1397	ကျွန်တော် နွေရာသီပိတ်ရက်မှာ ခရီးထွက်တယ်။	I travel during Summer holidays.
1398	မစ္စတာယာမာဒါရဲ့ မွေးနေ့ ကျရင် ပါတီလုပ်မယ်။	[We] will throw a party on Mr. Yamada's birthday.
1401	ကျွန်တော့်အိမ်ကခွေးက ကြီးတယ်။	The dog from my home is big.
1402	ဘေးအိမ်ကခွေးက အကောင် မကြီးဘူး။	My next door's dog isn't that big.
1403	ဒီနေ့ မအေးဘူး။	It's not cold today.
1408	ဂျပန်ကဟင်းတွေက စပ်သလား။	Are Japanese dishes spicy?
1409	ဟင့်အင်း၊ မစပ်ပါဘူး။	No, they are not spicy.
1410	အပြင်မှာ အေးလား။	Is it cold outside?
1414	ဂျပန်ဟင်းလျာတွေကို ဘယ်လို သဘောရသလဲ။	What do you think about Japanese cuisine?
1418	ဒီအိတ်ကို ဈေးကြီးကြီး ပေးခဲ့ရတယ်။	[I] had to pay a good price for this bag.
1419	ပါတီကဟင်းတွေ စားလို့ မကောင်းဘူး။	The curries from the party weren't tasty.
1423	မနေ့ကရုပ်ရှင် ဘယ်လိုနေလဲ။	How was the movie yesterday?
1426	ကျွန်တော့်အခန်းက သိပ် မကျယ်ဘူး။	My room isn't very large.
1427	အရမ်း ပင်ပန်းတယ်။	It's very exhausting.
1428	သိပ် မပင်ပန်းခဲ့ဘူး။	It wasn't that tiring.
1431	ဒီနားမှာ အဆောက်အအုံ ခပ်မြင့်မြင့်တွေ မရှိဘူး။	Aren't there any high rise buildings around here?
1433	ဘူတာရှေ့မှာ ဆိုင်ကြီးဆိုင်ကောင်းတွေ ရှိတယ်။	There are good huge shops in front of the station.
1434	ဒီအခန်းက အရမ်း တိတ်ဆိတ်တဲ့ အခန်းပါ။	This is a very quiet room.
1435	အင်္ကျီလေးက လှတယ်နော်။	Nice top.
1446	မစ္စတာတာနာခါက အရပ်ရှည်တယ်။	Mr. Tanaka is tall.
1449	ကျွန်တော် မနေ့ကတည်းက လည်ချောင်း နာနေတယ်။	I have been having a sore throat since yesterday.
1450	ခေါင်းကိုက်လား။	Having a headache?
1451	ဟင့်အင်း၊ မကိုက်ဘူး။	No, no headaches.
1454	ဒီမြို့က လမ်းကျဉ်းတယ်။	This city has narrow lanes.
1455	ဒီပန်းချီက အရောင် လှတယ်။	This painting has beautiful colors.
1457	ကျွန်တော် သီချင်းဆို ညံ့တယ်။	I am bad at singing.
1459	မစ္စတာယာမာဒါရဲ့ အဖေက အရမ်း အလုပ်လုပ်တယ်။	Mr. Yamada's father is a workaholic.
1460	မစ္စတာယာမာဒါရဲ့ အဖေက ဆရာဝန်ပါ။	Mr. Yamada's father is a doctor.
1473	အိမ်စာ လုပ်ဖို့ မမေ့ပါစေနဲ့။	Don't forget to do homework.
1474	ဒီမှာ စာဖတ်လို့ ရတယ်။	You can read here.
1476	အဲဒီလူက ဂျပန်စာဆရာ ဖြစ်မယ် ထင်တယ်။	That person must be a Japanese teacher.
1477	ဒါ မနေ့က ဝယ်ခဲ့တဲ့ တိတ်ခွေပါ။	This is the tape [I] bought yesterday.
1478	လမ်း မသိတဲ့ခဲ့ရင် ဖုန်းဆက်မေးပါ။	In case you don't know the street, just call.
1481	မစ္စတာခိုဘာယာရှိက အပြာရောင်ရှပ်အင်္ကျီကို ဝတ်ထားတယ်။	Mr. Kobarashi is wearing a blue shirt.
1482	စာထဲမှာ ရေးထားတယ်။	It's written in the letter.
1484	ထမင်းစားပြီးရင် သွားတိုက်တယ်။	[I] brush [my] teeth after having meals.
1485	မတ်တပ်ထပါ။	Please stand up.
1491	အခု မစ္စတာခိုဘာယာရှိ စာကြည့်တိုက်မှာ စာအုပ် ဖတ်နေတယ်။	Mr. Kobarashi is reading at the library now.
1492	မစ္စတာတာနာခါ အခု ဘာ လုပ်နေလဲ။	What is Mr. Tanaka doing now?
1494	ဘယ်တုန်းကတည်းက ဂျပန်စာကို လေ့လာနေတာလဲ။	Since when have [you] been learning Japanese?
1495	မနှစ်ကတည်းက လေ့လာနေတယ်။	[I] have been studying since last year.
1501	ပြတင်းပေါက် ပွင့်နေတယ်။	The window is open.
1507	ဒီလမ်းက ကွေ့ကောက်နေတယ်။	This road is curvy.
1512	ပြတင်းပေါက် ပိတ်ထားတယ်။	The window is closed.
1513	မီး ပိတ်ထားပြီးပြီ။	The light has been switched off.
1515	မေးခွန်းက စာမျက်နှာဆယ်ငါးမှာ ရေးထားတယ်။	The question is written on page fifty.
1520	ပြတင်းပေါက် ဖွင့်ထားတယ်။	The window is opened.
1527	စာရေးခုံပေါ်မှာ ဖတ်စာအုပ်နဲ့ မှတ်စုစာအုပ် ရှိတယ်။	There is a textbook and a notebook on the desk.
1528	တနင်္လာနေ့၊ ဗုဒ္ဓဟူးနေ့နဲ့ သောကြာနေ့တွေမှာ ဘောလုံးလေ့ကျင့်ရေး ရှိတယ်။	There is football practice on Monday, Wednesday and Friday.
1530	ကုန်တိုက်တို့ စူပါမားကက်တို့မှာ ဈေးဝယ်တယ်။	[I] buy at department stores and supermarkets.
1531	စာတိုက်ရဲ့ အရှေ့နဲ့ ဘူတာရဲ့ ဘေးတွေမှာ စာတိုက်ပုံး ရှိတယ်။	There is a mailbox in front of the post office and beside the station.
1532	ပေါင်မုန့်တို့ ကြက်ဥတို့ စားတယ်။	[I] eat bread and eggs.
1533	ကျွန်တော့်ရဲ့ အခန်းမှာ စာရေးခုံတို့ အိပ်ရာတို့ တီဗွီတို့ ရှိတယ်။	My room has a desk, a bed and a television.
1534	အမဲရောင်အိတ်အကြီးကြီးက ကျွန်တော့်ဟာပါ။	That big black bag is mine.
1535	လှပပြီး တိတ်ဆိတ်တဲ့ အိမ်ခန်းမှာ နေတယ်။	[I] live in a beautiful and quiet room.
1537	ဒီပန်းက သေးပြီး နီတယ်။	This flower is small and red.
1542	ဒီခြေအိတ်က ခိုင်ပြီး ဈေးသက်သာတယ်။	This sock is hardy and cheap.
1544	ဒီစာအုပ်က ခန်းဂျီးက များပြီး ခက်တယ်။	This book has many Kanji and difficult.
1545	ကိုယ် အရမ်း ပူလို့ ကျောင်း မသွားနိုင်ဘူး။	[I] couldn't go to school due to the high fever.
1546	ကျွန်တော် နွေရာသီပိတ်ရက်မှာ တင်းနစ်ရိုက်လိုက် ရေကူးလိုက် လုပ်တယ်။	I either play tennis or go swimming during Summer holidays.
1547	တနင်္ဂနွေနေ့ ဆို ညီလေးက စာအုပ် ဖတ်လိုက် တီဗွီ ကြည့်လိုက် လုပ်တယ်။	On Sundays, my younger brother either reads or watches television.
1548	သူငယ်ချင်းနဲ့ အမြဲလိုလို ရုပ်ရှင် ကြည့်လိုက် ရေကူးကန် သွားလိုက် လုပ်တယ်။	I often go to the movies or the swimming pool with my friend.
1549	လေယာဉ်ပျံနဲ့ တိုကျိုနဲ့ အိုဆာကာကို သွားလိုက်လာလိုက် လုပ်တယ်။	I go back and forth between Tokyo and Osaka by plane.
1551	ကျွန်တော် မနက်ဖန် ဘူတာမှာ သူငယ်ချင်းနဲ့ တွေ့ပြီး သူနဲ့ အတူ ဂီတပွဲ သွားမယ်။	I will meet my friend at the station tomorrow and go to a concert with him/her.
1553	မနက် ခုနစ်နာရီမှာ အိပ်ရာထတယ်၊	[I] get up at seven in the morning.
1556	ထမင်းဘူးတွေ ဟိုနားမှာ ထိုင်စားရအောင်။	Let's have our lunchboxes over there.
1557	ကျွန်တော် နေ့တိုင်း ကျောင်းကို လမ်းလျှောက်သွားတယ်။	I walk to school every day.
1558	တိတ်ခွေ နားထောင်ပြီး ဂျပန်စာ လေ့လာတယ်။	[I] listen to tapes and learn Japanese.
1562	မုန်တိုင်းကြီး ဝင်လို့ ရထားတွေ ရပ်ကုန်တယ်။	The trains have stopped due to the heavy storm.
1586	ကျောင်းကနေ အိမ်အထိ ခြေလျင်လျှောက်တယ်။	[I] go to home from school on foot.
1588	စားသောက်ဆိုင်မှာ ထမင်းစားတယ်။	[I] eat at the restaurent.
1592	ကောင်းကင်က ပြာတယ်။	The sky is blue.
1599	ကျွန်တော် စာအုပ် ဖတ်ခဲ့တယ်။	I read a book.
1601	ကိုးနာရီမှာ အိမ်က ထွက်မယ်။	[I] will leave home at nine o'clock.
1605	ကျောင်း မသွားဘူး။	[I] am not going to school.
1609	ပေါင်မုန့်ပဲ စားလိုက်တယ်။	[I] only ate a bread.
1614	နံရံမှာ ဓာတ်ပုံ ကပ်မယ်။	[I] am going to stick pictures on the wall.
1619	လေယာဉ်ပျံ စီးမယ်။	[I] am going to ride a plane.
1625	မစ္စတာတာနာခါကို စာအုပ် ပြမယ်။	[I] am going to show the book to Mr. Tanaka.
1630	တီဗွီက မျက်စိအတွက် မကောင်းဘူး။	Television is bad for eyes.
1634	ဟိုတယ်မှာ တည်းမယ်။	[I] am going to stay at a hotel.
1636	ခြံထဲမှာ ပန်းတွေ ပွင့်တယ်။	Flowers bloom in the garden.
1637	ခုနစ်နာရီမှာ အိမ်က ထွက်မယ်။	[I] will leave home at seven o'clock.
1638	ဒီနှစ် သုံးလပိုင်း ဆယ်ငါးရက်နေ့တုန်းက ဂျပန်ကို လာတယ်။	[I] came to Japan this year March fifteen.
1640	ရှပ်အင်္ကျီ သွားဝယ်မယ်။	[I] am going to go buy a shirt.
1645	လေယာဉ်ပျံက တောင်ဘက်ကို ပျံသွားတယ်။	The plane flew to the south.
1646	ရှစ်လပိုင်း တစ်ရက်နေ့ကနေ ကိုးလပိုင်း သုံးဆယ်ရက်နေ့အထိက နွေရာသီပိတ်ရက်ပါ။	Summer holiday is from first of August to September thirtieth.
1647	နံပါတ်တစ်ကနေ နံပါတ်တစ်ဆယ်ထိလူတွေ ဝင်ကြပါ။	People from number one to ten, please enter.
1650	စာသင်ခန်းက ထွက်မယ်။	I am going out of the classroom.
1654	ဆရာက မေးခွန်း ထုတ်လိုက်ပါတယ်။	The teacher has raised a question.
1660	ပန်းခြံမှာ ဂီတပွဲ ရှိတယ်။	There is a concert at the park.
1667	ဘောပင်နဲ့ စာရေးတယ်။	[I] write with a pen.
1668	ဘတ်စ်ကားနဲ့ ကျောင်းသွားတယ်။	[I] go to school by bus.
1671	နေမကောင်းလို့ ကျောင်းမသွားဘူး။	[I] didn’t go to school because I was sick.
1672	မုန်တိုင်းကြောင့် ရထား နောက်ကျတယ်။	The train is late due to the storm.
1675	အမြဲတမ်း တစ်ယောက်တည်း စာဖတ်နေတယ်။	I always read alone.
1679	နောက်ဆယ်မိနစ် ဆို ငါးနာရီ ထိုးပြီ။	It will be five o'clock in next ten minutes.
1682	အတန်းကလူတွေနဲ့ ခရီးသွားခဲ့တယ်။	I went on a trip with my classmates.
1683	အဲဒီအလုပ်ကိုတော့ ကိုယ့်ဟာကိုယ် လုပ်မယ်။	I will do that task on my own.
1692	ဟိုအိတ်က ကျွန်တော့်အိတ်နဲ့ အတူတူပဲ။	That bag is the same as my bag.
1693	ဒီမှတ်စုစာအုပ်က ကျွန်တော့်မှတ်စုစာအုပ်နဲ့ မတူဘူး။	This notebook and my notebook are different.
1694	မနက် အိပ်ရာထတဲ့အခါ "မင်္ဂလာမနက်ခင်းပါ" လို့ ပြောတယ်။	[I] say "good morning" when I get up in the morning.
1696	ဒီခန်းဂျီးကို "ယာမ"လို့ ဖတ်တယ်။	This Kanji is read as "yama".
1710	ကိုကာကိုလာ နှစ်ခွက် ပေးပါ။	Please give [us] two Coca Cola.
1714	နာမည် ရေးပါ။	Write your name.
1715	ဟုတ်ကဲ့၊ နားလည်ပါပြီ။	Yes, understood.
1720	ခဏလောက် စောင့်ပါ။	Please wait for a moment.
1727	အင်း၊ ကောင်းပါတယ်။	Yes, it's fine.
1728	ဒီအခန်းထဲမှာ ထမင်းဘူး ဖွင့်စားလည်း ရတယ်။	It's okay to eat lunchboxes in this room.
1734	အပြင်ထွက်လို့ ရမလား။	May I go out?
1738	ဆေးရုံမှာ လက်ကိုင်ဖုန်း မသုံးရဘူး။	[You] can't use smartphones at the hospital.
1745	ဒီနေ့ ရေမချိုးပါနဲ့။	Please don't take shower today.
1748	ကွန်ပျူတာ သုံးနေတယ်၊ ခလုတ် မပိတ်လိုက်ပါနဲ့။	I am using the computer. Please don't switch off.
1768	စနေနေ့ နေ့လယ်ပိုင်းမှာ တင်းနစ် ကစားရအောင်လား။	Shall we play tennis Saturday afternoon?
1778	ရေကူးကန် သွားရအောင်လား။	Shall we go to the swimming pool?
1794	အဲဒီအထုတ်ကို ကျွန်တော် သယ်ပေးမယ်။	I will carry that package.
1799	အဲဒီအလုပ်ကို ကျွန်တော် လုပ်ပါ့မယ်။	I will do that job.
1801	စာကြည့်တိုက်မှာ စာဖတ်မလို့ လုပ်ထားတာ စာကြည့်တိုက် မဖွင့်ဘူး။	I was planning to read at the library but the library was closed.
1810	အိမ်ပြန်ရင် သန့်ရှင်းရေး လုပ်မယ်လို့ စိတ်ကူးထားတယ်။	I am planning to do some cleaning when I get home.
1811	ညီမလေးက ဂျပန်စာဆရာမ လုပ်ဖို့ စိတ်ကူးနေတယ်။	My younger sister is planning to become a Japanese teacher.
1813	ဒီည ဘယ်မှ မသွားချင်ဘူး။	I don't want to go out tonight.
1817	ဂျပန်တေးဂီတကို နားထောင်ချင်တယ်။	I want to listen to Japanese music.
1818	ရေ သောက်ချင်တယ်။	I want to drink water.
1824	ဟုတ်ကဲ့၊ ရပါတယ်။	Yes, of course.
1826	တိုကျိုကတက္ကသိုလ်မှာ တက်ချင်တယ်။	I want to study at a university in Tokyo.
1831	ကျွန်တော် အခု ကွန်ပျူတာ လိုချင်တယ်။	I want a computer now.
1836	ဘာ လိုချင်ပါသလဲ။	What would you like?
1837	ဒါရယ် အဲဒါရယ် လိုချင်ပါတယ်။	I'd like this one and that one.
1848	ကျွန်တော် တေးဂီတကို နှစ်သက်တယ်။	I like music.
1849	ကျွန်တော် အားကစား ဝါသနာမပါဘူး။	I am not into sports.
1860	ဘာအစားအစာ ကြိုက်သလဲ။	What kind of food do you like?
1862	ကျွန်တော် အတန်း တက်ရတာ ပျော်တယ်။	I enjoy attending the class.
1879	ဟင့်အင်း၊ မတတ်ဘူး။	No, I don't know how to.
1881	မစ္စတာတာနာခါက တင်းနစ်ရိုက်တတ်တယ်။	Mr. Tanaka can play tennis.
1883	ဟိုတယ်လီဖုန်းနဲ့ နိုင်ငံခြားကို ဖုန်းခေါ်လို့ ရသလား။	Can we make an international call with that telephone?
1885	ကျွန်တော် ခန်းဂျီး ရေးတတ်တယ်။	I can write Kanji.
1900	ဟိုမှာ လူတစ်ယောက် ရှိတယ်နော်။ အဲဒီလူက ဘယ်သူလဲ။	There is a person over there. Who is that?
1919	ဒီနာရီ ကျိန်းသေ ဈေးကြီးမှာ သေချာတယ်။	I am certain this watch is definitely expensive.
1921	အခု ဆယ်နာရီ ဆိုတော့၊ စာတိုက် ဖွင့်နေလောက်ပြီ။	Since it's ten o'clock now, the post office is probably opened.
1928	ဒီအိမ်မှာ တစ်ယောက်ယောက် နေနေသလိုပဲ။	This house looks like someone lives in it.
1931	မိုးရွာမလိုပဲ။	It looks like it is about to rain.
1935	ခြံထဲမှာ ကား မရှိဘူး။ အမေ အပြင်ထွက်သွားတယ်ထင်တယ်။	The car isn't in the compound. Mother must have gone out.
1942	လာမယ့်လမှာ တပည်အသစ် လာမယ်လို့ ကြားတယ်။	[I] heard a new student will join coming month.
1947	ဆရာ့ဆီက ကြားတာ၊ နောက်လက စပြီး ကျောင်းသားသစ် လာမယ်ဆိုပဲ။	[I] heard from the teacher that  a new student will join starting from next month.
1965	ဒီစာစီစာကုံးကို ရေးတဲ့ သူက ဘယ်သူလဲ။ နာမည် တပ်မထားဘူး။	Who wrote this essay? There is no name.
1967	အမေ ချက်တဲ့ ဟင်းက အရမ်း စားလို့ ကောင်းတယ်။	Mother's cookings are so delicious.
1971	အဖြေ ရေးပြီးတဲ့ စာရွက်ကို ထပ်လိုက်ပါ။	Please hand in the answer paper.
1974	စာကြည့်တိုက်ထဲမှာ မစ္စတာတာနာခါ စာဖတ်နေတာ တွေ့လိုက်တယ်။	[I] saw Mr. Tanaka reading in the library.
1990	မစ္စတာတာနာခါ ပြေးနေတာကို မြင်လိုက်တယ်။	[I] saw Mr. Tanaka running.
1993	ကိတ်မု့န် စားတဲ့ လူက မစ္စတာယာမာဒါပါ။	Mr. Yamada is the one who eats cakes.
2004	ဆေး သောက်လိုက်တာမို့လို့ ကောင်းသွားမှာပါ။	[You/I] will be fine since [you/I] have taken medicines.
2005	မနက်ဖန် အတန်း မရှိလို့ ကျောင်းမသွားဘူး။	[I] won't go to school tomorrow because there is no class.
2007	ဘယ်လိုလုပ် ကျွန်တော့်ဖုန်းနံပါတ် သိသွားတာလဲ။	How come they know my phone number?
2011	ဘာဖြစ်လို့လဲ။	Why?
2017	ဘာဖြစ်လို့ အတန်းပျက်တာလဲ။	Why were you absent for class?
2018	ကိုယ်ပူပြီး အိပ်ရာက မထနိုင်ဘူး။	[I] had a fever and couldn't get up from bed.
2019	ဒီနေ့ ဆရာ နေမကောင်းလို့ အတန်း မရှိဘူး။	There is no class today because the teacher is sick.
2023	မစ္စတာယာမာဒါက အမြဲတမ်း တက်ကြွနေပြီး၊ ဒီနေ့တော့ ငြိမ်နေတယ်။	Mr. Yamada is always active but he is quiet today.
2024	ဒီနေ့ တနင်္ဂနွေနေ့ ဆိုပေမယ့် အလုပ် ရှိတယ်။	Although today is Sunday, I have work.
2030	ကျွန်တော်က တိုကျိုမှာ နေပေမယ့် ညီလေးကတော့ ကျိုတိုမှာ နေတယ်။	Although I live in Tokyo, my younger brother lives in Kyoto.
2041	အဲဒီတက္ကသိုလ်ကို သွားမယ် ဆိုရင် စက်ဘီးက အဆင်ပြေတယ်။	If that's the university [I am going to attend], bicycle is fine.
2042	အဖေ မနက် အိပ်ရာထတိုင်း သတင်းစာ ဖတ်တယ်။	My father reads newspaper after getting up in the morning.
2043	ဒီခလုတ်ကို နှိပ်ရင် တံခါး ပွင့်မယ်။	The door will open on pressing this button.
2047	ဈေးသက်သာရင် ဝယ်မယ်။	If it's cheap, I will buy.
2055	နီးတယ် ဆိုရင် ခြေလျင်လျှောက်မယ်လေ။	If it's near, let's go on foot.
2056	မလုပ်ချင်ရင် မလုပ်လည်း ရတယ်။	You don't have to do it if you don't want to.
2060	ကား ဝယ်လိုက်ရင် ပိုက်ဆံ ကုန်သွားမယ်။	There will be no money if we buy a car.
2061	ကား ဝယ်ထားရင် ဘယ် မဆို သွားနိုင်တယ်။	If we buy a car, we can go anywhere.
2064	ခန်းဂျီးကို မှတ်မိအောင် ဘယ်လို လုပ်ရမလဲ။	How do I remember Kanji?
2065	နေ့တိုင်း သတင်းစာ ဖတ်ရင် မှတ်မိလိမ့်မယ်။	You will remember if you read newspaper everyday.
2068	နှင်း ကျလည်း ကျောင်းသွားတယ်။	I go to school even if it snows.
2069	ချမ်းပေမယ့်လည်း ရေကူးမယ်။	I will swim even if it's cold.
2079	မစ္စတာယာမာဒါက ညီမလေးကို စာအုပ် ပေးတယ်။	Mr. Yamada gave my younger sister a book.
2086	ကျွန်တော် အဖေ့ကို ပန်း ပေးတယ်။	I gave my father flowers.
2088	ကျွန်တော် အဖေဆီက စာအုပ် ရခဲ့တယ်။	I got a book from my father.
2090	ကျွန်တော် မစ္စတာခိုဘာယာရှိကို မှတ်စုစာအုပ် ငှားလိုက်တယ်။	I lent a notebook to Mr. Kobarashi.
2092	မစ္စတာခိမုရဆီက စာအုပ် ငှားခဲ့တယ်။	I borrowed a book from Mr. Kimura.
2093	ကျွန်တော် ညီလေးကို ပိုက်ဆံ ချေးလိုက်တယ်။	I lent money to my younger brother.
2097	ညီမလေးက အဖေကို ထမင်းဘူး ထည့်ပေးတယ်။	My younger sister packs my father's lunchbox.
2099	ကျွန်တော် ညီမလေးရဲ့ အိမ်စာကို ကြည့်ပေးတယ်။	I check my younger sister's homework.
2100	မစ္စတာခိမုရက ကျွန်တော့်ရဲ့ အထုပ်ကို ကူသယ်ပေးတယ်။	Mr. Kimura helped carry my bags.
2104	ဟင်းချက်နည်းကို အမေ့ဆီက သင်ထားတာ။	I learnt how to cook from my mother.
2115	ဘူတာအထိ လမ်းလျှောက်သွားမယ်။	I am going to walk to the station.
2120	နောက်အပတ် အဲဒီကို သွားရင် သောက်စရာ ဝယ်သွားမယ်။	I am going to buy some drinks when I go there next week.
2123	ဒီနေ့ သူငယ်ချင်းနဲ့ ညစာ စားလာတယ်။	I had dinner with my friend today.
2130	တစ်ဆိတ်လောက် မေးပါရစေ၊ ဒီအင်္ကျီ ဝတ်ကြည့်လို့ ရမလား။	Excuse me. Can I try on this top?
2153	ကျွန်တော် ကျောင်းသားပါ။	I am a student.
2154	မနေ့က ကြည့်ခဲ့တဲ့ ရုပ်ရှင် အရမ်း စိတ်ဝင်စားဖို့ ကောင်းတယ်။	The movie I watched yesterday was very interesting.
2158	ကျွန်တော်က ကျောင်းသားပေမယ့် အစ်ကိုကတော့ ကုမ္ပဏီဝန်ထမ်းပါ။	Although I am a student, my brother is a company staff.
2170	မင်း ဘာအလုပ် လုပ်သလဲ။	What is your work?
2178	ကျွန်တော် ညစာစားနေတုန်း သူငယ်ချင်း အိမ် ရောက်လာတယ်။	My friend arrived home while I was having dinner.
2179	နိုင်ငံခြား သွားတဲ့အခါ ပတ်စပို့ကို ယူသွားတယ်။	I bring my passport when I go abroad.
2180	ဂျပန်ကို လာတုန်းက လေယာဉ်ကွင်းမှာ ဓာတ်ပုံရိုက်ခဲ့တယ်။	I took photos at the airport when I was visiting Japan.
2187	အခန်းမှ ရှိတုန်းက ဖုန်းဆက်တယ်။	They call while [I] was in the room.
2189	လူငယ်ပိုင်းတုန်းက ဆို ခဏခဏ ရေကူးတယ်။	When [I] was young, I go swimming very often.
2192	တီဗွီကြည့်ရင်း ထမင်းစားတယ်။	[I] have my meals while watching television.
2205	ဒီနှစ်နွေရာသီပိတ်ရက်မှာ ပင်လယ်ကိုလည်း သွားဖြစ်တယ်၊ တောင်လည်း တက်ဖြစ်တယ်။	[I] happened to go to the beach and also hiking during Summer holidays this year.
2206	အမှောင်ထဲမှာ စာဖတ်ရင် မျက်စိ ပျက်တတ်တယ်။	It is harmful for the eyes if [you] read in the dark.
2213	လက်ဖက်ရည်လေးဘာလေး သောက်ရအောင်လား။	Shall we have some tea?
2220	နွေဦးရာသီထဲ ဝင်လာပေမယ့် နွေးမလာသေးဘူး။	Although it's already Spring, it hasn't got any warmer.
2227	ကျွန်တော် မနေ့က တက္ကသိုလ်ကို သွားတယ်။	I went to the university yesterday.
2229	ဆေးလိပ် ဖျက်လိုက်ပြီ။	I have stopped smoking.
2232	ဒီနေ့ ဘယ်သူမှ မလာဘူး။	Nobody came today.
2234	မင်း တော်တော် အလုပ်လုပ်တာပဲနော်။	You are such a workaholic.
2247	လက်ဖက်ရည်တို့ဘာတို့ သောက်ဦးမလား။	Would you like some tea or something?
2249	ဘောပင် ပါမလာတဲ့ သူတွေ ခဲတံနဲ့ ဆိုလည်း ရတယ်။	For those who didn't bring pens, pencil is also fine.
2332	ဟုတ်ကဲ့၊ ကောင်းပါပြီ၊ လုပ်ပါ။	Yes, okay, please do.
2369	ကောင်းပါပြီ၊ လုပ်ပါ။	Okay, please do.
2383	အဖိုး ထိုက်တဲ့ အရာ မဟုတ်ပေမယ့် လက်ခံပေးပါ။	It's not much but please accept it.
2391	ကျေးဇူးတင်ပါတယ်။	Thank you.
2396	ဟုတ်တယ်။	Yes.
2409	ဘယ်လောက်လဲ။	How much is it?
2415	ဒါဆိုရင်၊ ကူညီပေးပါ။	If so, please help.
2429	သူငယ်ချင်းနဲ့ ဥရောပကို အလည်သွားမလားလို့ စိတ်ကူးနေတယ်။	I am thinking to visit Europe with my friend.
2495	ဒီအဆောက်အအုံရဲ့ တတိယထပ်မှာ ရှိတယ်။	It's on the third floor of this building.
2497	တတိယထပ်ကို ဘယ်လို သွားရမလဲ။	How can I get to the third floor?
2498	ဟိုမှာ ဓာတ်လှေခါး ရှိတယ်။	There's any elevator over there.
2520	အေး၊ ကြိုက်ပါတယ်။	Yes, I like it.
2548	ဟယ်လို။	Hello.
2562	ဒါပဲနော်၊ နောက်မှ တွေ့မယ်။	Alright, see you later.
2599	ဘာဖြစ်လို့လဲ။	Why?
2637	ဪ၊ ဟုတ်လား။	Oh, really?
2651	နေ့ခင်း နားတဲ့ အချိန်မှ ပြန်ပေးလို့ ရမလား။	Can I return it at breaktime this afternoon?
2672	တစ်ဆိတ်လောက်၊ တောင်းဆိုပါရစေ။	Excuse me. Can I ask a favor?
2734	နိုင်ငံခြားမှာ အလုပ်လုပ်ဖို့ စိတ်ကူးနေတယ်။	I am thinking to work abroad.
2744	ဆရာ၊ ဒါ ကျွန်တော်ရဲ့ အမေပါ။	This is my mother, sir.
2751	အအေးမိသွားလို့ ဆေးသောက်မယ်။	I am going to take medicine because I caught cold.
2753	လူတွေ အများကြီး သေကုန်တယ်။	A lot of people died.
2754	ထမင်းစားပြီးရင် သွားတိုက်တယ်။	I brush my teeth after meals.
2755	မစ္စတာခိမုရက ဉာဏ် အရမ်း ကောင်းတယ်။	Mr. Kimura is very smart.
2756	စာတိုက်က ဘူတာဘေးမှာ ရှိတယ်။	The post office/mailbox is beside the station.
2757	မနက်ဖန် အထုပ် ရောက်မယ်။	The package will arrive tomorrow.
2758	ရထားက ဘူတာကို ရောက်တော့မယ်။	The train is about to arrive at the station.
2759	စာအိတ်မှာ နာမည်ကို ရေးလိုက်မယ်။	I will write down the name on the envelope.
2761	ဘူတာရဲ့ အနောက်မှာ စူပါမားကက် ရှိတယ်။	There is a supermarket behind the station.
2762	မနေ့က အရမ်း အေးလို့ အအေးမိသွားတယ်။	It was freezing yesterday that I caught cold.
2763	ခေါင်းကိုက်လို့ ဒီနေ့ စောစော အိပ်မယ်။	I will go to bed early tonight because of the headache.
2764	ဗိုက်နာလို့ ဆေးရုံ သွားတယ်။	[I] went to the hospital due to abdominal pain.
2766	သွားကိုက်လို့ ဘာမှ မစားနိုင်ဘူး။	[I] couldn't eat anything because of the toothache.
2767	ထိုင်ခုံမှာ ထိုင်ပြီး စကားပြောမယ်။	Let's have a seat and talk.
2769	ရေခဲသေတ္တာထဲမှာ ဘာမှ မရှိဘူး။	There's nothing in the fridge.
2771	ရေဒီယိုနဲ့ သတင်း နားထောင်တယ်။	[I] listen to the news on the radio.
2772	ရေဒီယိုကက်ဆက်က ရေဒီယိုရော သီချင်းရော နားထောင်လို့ ရတယ်။	Radio cassette can listen to both radio and music.
2774	မစ္စတာမဆုအိက ခဲတံ ငှားပေးတယ်။	Mr. Masui lent [me] a pencil.
2775	နောက်အပတ် အိမ်ခြံမြေဝန်ဆောင်မှုရုံးခန်းမှာ အိမ်ခန်းအသစ် သွားရှာမယ်။	I will search for a new apartment at the real estate office next week.
2776	အိမ်အဝင်၀နဲ့ လျှောက်လမ်းတွေကို သန့်ရှင်းရေးလုပ်တယ်။	[I] clean the foyer and the passage of the house.
2777	အိမ်အဝင်၀မှာ ပန်းအိုး ထားထားတယ်။	[I] keep a vase at the foyer.
2778	အိမ်သစ်က မီးဖိုချောင် ကျယ်လို့ အရမ်း အဆင်ပြေတယ်။	It's very convenient having a spacious kitchen at the new apartment.
2779	ညစာစားပြီး၊ ရေချိုးပြီး အိပ်တယ်။	[I] have dinner, shower, and sleep.
2780	ဒီဖိနပ်က အဟောင်းပါ။	These are the old shoes.
2781	ဘူတာကနေ ကျောင်းကို ဝေးလို့ ဘတ်စ်ကား စီးတယ်။	I take bus from from the station to school because it is far.
2782	အိမ်အသစ်က ဘူတာနဲ့ နီးလို့ အရမ်း အဆင်ပြေတယ်။	The new apartment is very convenient because it's close to the station.
2783	မစ္စတာမဆုအိက အဖြူရောင်အင်္ကျီကို ဝတ်ထားတယ်။	Mr. Masui is wearing a white top.
2784	ပူတဲ့ နေ့ ဆို ဦးထုပ် ဆောင်းပြီး အပြင်ထွက်တယ်။	I wear a hat outside on sunny days.
2785	အိမ်အဝင်၀မှာ ဖိနပ်ကို ချွတ်တယ်။	I take off my shoes on entering the house.
2786	ရထားပေါ်မှာ ထီး မေ့ကျန်ခဲ့တယ်။	I forgot my umbrella on the train.
2787	မနေ့က ပိုက်ဆံအိတ်အသစ် ဝယ်လိုက်တယ်။	I bought a new wallet/purse yesterday.
2788	ဟို မျက်မှန် တပ်ထားတဲ့ လူက မစ္စတာမဆုအိပါ။	That man with glasses over there is Mr. Masui.
2789	စာအုပ်ဆိုင်မှာ မဂ္ဂဇင်းကို ဝယ်တယ်။	I buy magazines at the bookstore.
2790	ဒီနေရာက ဒုတိယထပ်ပါ။	This is the second floor.
2791	မစ္စတာမဆုအိဆီကို ပို့စကတ် ပို့မယ်။	I will send a postcard to Mr. Masui.
2792	စာအိတ်မှာ တံဆိပ်ခေါင်း ကပ်တယ်။	[I] stick the stamp on the envelope.
2793	ရှပ်အင်္ကျီ တစ်ထည် ရှိတယ်။	[I] have a shirt.
2794	ဓာတ်ပုံ နှစ်ပုံ ရိုက်လိုက်တယ်။	I took two photos.
2795	ဘဏ်ဖွင့်ချိန်က မနက်ကိုးနာရီကနေ ညနေသုံးနာရီထိပါ။	The bank's opening hours are from 9:00AM to 3:00PM.
2796	မစ္စတာမဆုအိကို ပိုက်ဆံ ပြန်ဆပ်မယ်။	I will pay back Mr. Masui.
2797	စာကြည့်တိုက်မှာ စာအုပ် ပြန်အပ်မယ်။	I will return books at the library.
2798	ပိုက်ဆံ ထည့်ပြီး ခလုတ်ကို နှိပ်တယ်။	I insert the money and press the button.
2800	ဘူတာကနေ နံပါတ်ဆယ်ငါးဘတ်စ်ကား စီးမယ်။	I will take bus number fifty from the station.
2801	ဒီနာရီက ယန်းထောင့်ငါးရာပါ။	This watch is one thousand and five hundred yen.
2802	ယန်းသုံးသောင်းနဲ့ ကင်မရာ ဝယ်လိုက်တယ်။	I bought a camera with thirty thousand yen.
2803	အဲဒီလူရဲ့ နာမည်ကို မေ့သွားတယ်။	I forgot that person's name.
2805	ဒီနေ့ စားသောက်ဆိုင်မှာ ညစာ စားမယ်။	I am going to have dinner at a restaurant today.
2806	ဂျပန်ကအစားအသောက်တွေက စားလို့ ကောင်းပေမယ့် ဈေးကြီးတယ်။	Japanese food are delicious but expensive.
2807	ကျွန်တော် ပေါင်မုန့်ရော ထမင်းရော ကြိုက်တယ်။	I like both bread and rice.
2808	ဒီည သူငယ်ချင်းရဲ့ အိမ်မှာ ထမင်းစားမယ်။	I am going to have dinner at a friend's house tonight.
2809	ဒီနေ့ ညစာအတွက် ကာရီ ချက်မယ်လို့ စိတ်ကူးထားတယ်။	I am thinking to cook curry for dinner tonight.
2810	ကာရီက အန္ဒိယအစားအစာပါ။	Curry is Indian cuisine.
2811	ကျွန်တော် အရက် သိပ် မသောက်ဘူး။	I don't drink alcohol much.
2812	ဇွန်းနဲ့ ကော်ဖီထဲကို သကြား ထည့်တယ်။	I put sugar into the coffee with a spoon.
2813	ကိတ်မုန့် စားတဲ့ အခါ ခက်ရင်းကို သုံးတယ်။	I use fork when I eat cake.
2814	ပြင်သစ်ဟင်းလျာက ဓားနဲ့ ခက်ရင်းကို သုံးပြီး စားတယ်။	I use fork and knife to eat French cuisine.
2815	အန္တရာယ်များလို့ ဓား မသုံးရဘူး။	[I] can't use knife because it's dangerous.
2817	ပန်းကန်ပြားအသစ်ကို သုံးမယ်။	I am going to use the new plate.
2818	ကျွန်တော် မနက်တိုင်း မနက်စာ စားတယ်။	I eat breakfast every morning.
2819	ကျောင်းဆင်းတော့ သူငယ်ချင်းနဲ့ ကော်ဖီဆိုင်မှာ လက်ဖက်ရည် သောက်တယ်။	I had tea at a café with my friend after class.
2820	ကျွန်တော် မနက်တိုင်း ကော်ဖီ သောက်တယ်။	I drink coffee every morning.
2821	ကျွန်တော် ကော်ဖီထက် လက်ဖက်ရည်ကို ပိုကြိုက်တယ်။	I prefer tea to coffee.
2822	ကျွန်တော် နွားနို့ မကြိုက်လို့ သိပ် မသောက်ဘူး။	I don't drink milk much because I don't like it.
2823	အရက် သောက်ပြီးတဲ့ အခါ ရေသောက်ပေးရင် ကောင်းတယ်။	Drinking water after drinking alcohol is good.
2824	သောက်ထားလို့ ခွက်ကို ပြောင်အောင် ဆေးတယ်။	I washed the cup thorougly because I drank with it.
2825	သူငယ်ချင်းဆီက ခွက် လှလှလေး ရခဲ့တယ်။	I received a beautiful cup from a friend.
2826	ကျွန်တော် ကော်ဖီကို သကြား ထည့်သောက်တယ်။	I drink coffee with sugar.
2828	ပိုက်ဆံအိတ်ထဲကို ပိုက်ဆံ ထည့်တယ်။	I put the money into my wallet/purse.
2829	မစ္စတာမဆုအိက ကျွန်တော့်ကို ကော်ဖီ ဖျော်ပေးတယ်။	Mr. Masui made coffee for me.
2830	ဒီရထားက တိုကျိုကို သွားတယ်။	This train goes to Tokyo.
2831	မြေအောက်လိုင်းက ဈေးပေါပြီး အရမ်းအဆင်ပြေတယ်။	Subway is cheap and very convenient.
2832	ရထားစီးတဲ့အခါ လက်မှတ် ဝယ်တယ်။	I buy tickets to ride train.
2833	ဓာတ်လှေခါး မစီးဘဲ လှေခါးကို သုံးတယ်။	I use the stairs instead of the elevators.
2834	သန့်စင်ခန်းက နှစ်ထပ်မှာ ရှိတယ်။	The restroom is on the second floor.
2835	အိမ်သာက ထွက်လာတဲ့ အခါ လက်ကို ဆေးတယ်။	I wash my hands after using the toilet.
2836	ဘူတာရဲ့ ဝင်ပေါက်မှာ လက်မှတ်ကို ပြတယ်။	I show my ticket at the station's entrance.
2837	ဒီထွက်ပေါက်ကနေ ထွက်ရင် စာကြည့်တိုက်နဲ့ အနီးဆုံးကို ရောက်မယ်။	If you leave from this exit, it will lead you near the library.
2838	သံရုံး သွားမှာ ဆိုရင် နောက်ဘူတာမှာ ဆင်းရမယ်။	Embassy is at the next station.
2839	ကျောင်းအထိ လမ်းမလျှောက်ဘဲ ဘတ်စ်ကား စီးတယ်။	I go to school on foot instead of taking the bus.
2840	စူပါမားကက် ပိတ်ထားလို့ ဈေးမဝယ်ခဲ့ရဘူး။	I couldn't buy because the supermarket was closed.
2841	အိတ်ကို ပိတ်မထားဘူး။	The bag is not closed.
2842	ကျွန်တော်နဲ့ မစ္စတာမဆုအိနဲ့က အတန်း အတူတူပဲ။	Mr. Masui and I are in the same class.
2843	စာသင်ခန်းမှာ စာရေးခုံနဲ့ ထိုင်ခုံ ရှိတယ်။	There are desks and chairs in the classroom.
2844	အဝင်၀နဲ့ စင်္ကြံကိုလည်း သန့်ရှင်းရေးလုပ်မယ်။	I will clean the foyer and the passage.
2845	ကျွန်တော် စာကို သိပ် စိတ်မဝင်စားဘူး။	I am not very interested in studying.
2846	ရှေ့အပတ်က အလုပ်များလို့ စာမလုပ်နိုင်ဘူး။	I couldn't study because I was busy last week.
2847	ဒီမှာ ရှိတဲ့ ကလေးတွေ အားလုံး တစ်ကျောင်းတည်းက တပည့်တွေပါ။	All the kids here are students from the same school.
2848	စာသင်ချိန်အတွင်း ဆရာက တပည့်ကို မေးခွန်းမေးတယ်။	The teacher asks questions to students during class.
2851	နောက်အပတ် ကျွန်တော် သူငယ်ချင်းနဲ့ တိုကျို သွားလည်မယ်။	Next week I am visiting Tokyo with my friend.
2852	မနေ့က တစ်နေ့လုံး စာဖတ်လိုက်လို့ ဒီနေ့တော့ ကစားမယ်။	I studied the whole day yesterday, so today I am going to play.
2853	မနက်ဖန် စာမေးပွဲ ရှိလို့ ဒီည စာဖတ်မယ်။	I am going to study tonight because I have an exam tomorrow.
2854	ကျွန်တော် မစ္စတာမဆုအိ ရေးတဲ့ စာစီစာကုံးကို ဖတ်တယ်။	I read the essay Mr. Masui wrote.
2855	မနက်ဖန် ဆရာ့ဆီ စာစီစာကုံး ထပ်မယ်။	I will turn in the essay tomorrow.
2856	အဖြေ မရေးခင် မေးခွန်းကို သေချာဖတ်ရတယ်။	Read the question carefully before writing the answer.
2857	ဒီပုစ္ဆာက အရမ်း လွယ်တယ်။	This problem is very easy.
2858	ကျောင်းမှာ နေ့တိုင်း ခန်းဂျီးစာမေးပွဲ ရှိတယ်။	There is a Kanji exam at school everyday.
2860	များများ လေ့ကျင့်ရင် ဂျပန်စကား ကျွမ်းလာမယ်။	The more you practice, the more fluent your Japanese will be.
2861	မနေ့ကစာမေးပွဲက လွယ်တယ်။	The exam was easy yesterday.
2862	ကျွန်တော် နိုင်ငံခြားသားတွေကို ဂျပန်စာ သင်ပေးနေတယ်။	I am teaching foreigners Japanese.
2863	မေးခွန်း ခက်လို့ မဖြေနိုင်ဘူး။	I didn't do well because the questions were difficult.
2864	နေ့တိုင်း ကျောင်းဆင်းရင် တင်းနစ် လေ့ကျင့်တယ်။	I practice tennis after school every day.
2865	နောက်အပတ် အလှပြင်ဆိုင်မှာ ဆံပင် သွားညှပ်မလို့ စိတ်ကူးနေတယ်။	I am thinking to go have a haircut at the salon next week.
2866	ကျွန်တော် ဘယ်ဘက်လက်နဲ့ တူကို ကိုင်တယ်။	I hold chopsticks with my left hand.
2867	ရှေ့ကအကွေ့ ရောက်ရင် ညာဘက်ကို ချိုးမယ်။	Turn right on the next corner.
2868	ကျွန်တော့်ရှေ့မှာ မစ္စတာမဆုအိ ထိုင်တယ်။	Mr. Masui sits in front of me.
2869	ကျွန်တော့်နောက်မှာ လူတွေ အများကြီး တန်းစီနေတယ်။	There are a lot of people queuing behind me.
2870	အမြဲတမ်း ဒီခဲတံချည်းပဲ သုံးနေလို့ တိုတောင်တိုသွားပြီ။	I have been using the same pencil that it has gone blunt.
2871	ကိတ်မုန့်ကို ဓားနဲ့ လေးပိုင်း ပိုင်းတယ်။	I cut the cake into four slices with a knife.
2873	ကျွန်တော့်ညီမက အရပ် ပုပြီး ဆံပင် ရှည်တယ်။	My younger sister is short and have long hair.
2874	ပင်ပန်းလို့ ထိုင်ပြီး အနားယူမယ်။	I am going to sit down and rest because I am tired.
2875	ရဲကင်းကရဲသားကို လမ်း မေးခဲ့တယ်။	I asked directions from a policeman at station.
2876	ရဲကင်းမှာ မြို့ရဲ့ မြေပုံကို ချိတ်ထားတယ်။	The police station has a map of the city.
2877	လမ်းဆုံမှာ ရဲတွေ အများကြီးပဲ။	There are a lot of police at the junction.
2878	ရဲက ကျွန်တော့်ကို နာမည် မေးတယ်။	The police asked my name.
2879	ရဲသားက ဘူတာအထိ လမ်းညွှန်ပေးတယ်။	The policeman gave me directions to the station.
2880	လမ်း မသိလို့ မြေပုံကို ကြည့်တယ်။	I checked the map because I didn’t know the direction.
2881	မနေ့က ဘူတာနားကို ဈေးဝယ် သွားတယ်။	I went shopping near the station yesterday.
2882	မစ္စတာမဆုအိဆီက ဒီည သွားမယ့် စားသောက်ဆိုင်ရဲ့ ဖုန်းနံပါတ်ကို မေးထားတယ်။	I asked the phone number of the restaurant we are going tonight from Mr. Masui.
2884	အဲဒီအဆောက်အအုံရဲ့ ဘယ်ဘက်ကို ကွေ့လိုက်ရင် ဆေးရုံ ရှိတယ်။	If you turn left around that building, there is a hospital.
2885	အန္တရာယ်ရှိလို့ ဒီကို မဝင်ရဘူး။	[You] cannot enter because it is dangerous.
2886	ည အရမ်း မိုးချုပ်ပြီမို့ တစ်ယောက်တည်း ပြန်ရမှာ အန္တရာယ်များတယ်။	It's dangerous to go back alone because it's very late at night.
2887	စာသင်ချိန်မှာ ဘေးနားကလူနဲ့ စကားမပြောရဘူး။	You must not talk with the people beside you during class.
2888	အဲဒီကော်ဖီဆိုင်က စာအုပ်ဆိုင်ရဲ့ ဘေးနားမှာ ရှိတယ်။	That coffee shop is beside the bookstore.
2889	မစ္စတာမဆုအိရဲ့ အိမ်က ကျွန်တော့်အိမ်ရဲ့ ဘေးမှာ ရှိတယ်။	Mr. Masui's house is beside my home.
2890	ကျွန်တော့်ဘေးမှာ ထားထားတဲ့ အိတ်ကို မစ္စတာမဆုအိကို ပေးလိုက်တယ်။	I passed the bag beside me to Mr. Masui.
2891	ပိုက်ဆံအိတ် ပျောက်သွားလို့ ရဲစခန်းကို သွားမယ်။	I am going to the police station because I lost my wallet/purse.
2892	မစ္စတာမဆုအိဆီက ငှားလာတဲ့ မဂ္ဂဇင်း ပျောက်သွားပြီ။	I lost the magazine that I borrowed from Mr. Masui.
2893	သူငယ်ချင်း လာမှာမလို့ အခန်းကို သန့်ရှင်းရေးလုပ်မယ်။	I am going to clean the room because my friend is coming cover.
2894	ဒီအခန်းက ပြတင်းပေါက် မရှိဘူး။	This room doesn't have a window.
2895	စာရေးခုံပေါ်မှာ ပြက္ခဒိန် ထားထားတယ်။	There is a calendar on the desk.
2896	ကုန်တိုက်ကနေ နောက်နှစ်အတွက်ပြက္ခဒိန်ကို ဝယ်တယ်။	I buy next-year calendar from the mall.
2898	အခန်းက မှောင်လို့ မီးကို ထွန်းတယ်။	I turned on the light because it was dark.
2899	မနေ့က ပင်ပန်းနေလို့ ချက်ချင်း အိပ်ပျော်သွားတယ်။	Yesterday, I was out like a light because I was exhausted.
2900	အချိန် မသိလို့ စာသင်ခန်းနာရီကို ကြည့်လိုက်တယ်။	I looked at the clock in the classroom to check the time.
2901	အခန်းမီး ဖွင့်ပြီး စာဖတ်တယ်။	I read with the room lights on.
2902	အိမ်အဝင်၀မှာ ပန်းအိုး ထားထားတယ်။	I put a vase at the foyer.
2906	ဒီလမ်းက အရမ်းကျဉ်းပြီး အန္တရာယ်များတယ်။	This road is very narrow and dangerous.
2907	အဲဒီလမ်းဆုံကို ဖြတ်ပြီး ဘယ်ဘက်ကို ကွေ့မယ်။	Go past that crossing, then turn left.
2908	ဂျပန်ကားက ဈေးကြီးပေမယ့် ကောင်းတယ်။	Japan-made cars are expensive but good.
2909	ပြည်ပမှာ ဂျပန်ကားတွေ ရောင်းနေတယ်။	They sell Japan-made cars worldwide.
2910	ဒါ မော်တော်ကားမဂ္ဂဇင်း ပါ။	This is a motorcar magazine.
2911	ဘူတာကနေ ကုမ္ပဏီကို တက္ကစီ စီးသွားတယ်။	I took a taxi from the station to the company.
2912	တက္ကစီနဲ့ အိမ်ပြန်မယ်။	I will go back home by taxi.
2913	သူငယ်ချင်းရဲ့ စက်ဘီးနောက်ကနေ လိုက်စီးတယ်။	I ride behind my friend's bicycle.
2914	မိုးရွာလည်း စက်ဘီးနဲ့ သွားတယ်။	I go by bicycle even if it is raining.
2915	မနေ့က သူငယ်ချင်းနဲ့ ချောင်းကို သွားကစားတယ်။	Yesterday, I went and played with my friend in the stream.
2916	အိမ်က အဲဒီချောင်းရဲ့ တစ်ဖက်မှာ ရှိတယ်။	The house is on the other side of the stream.
2917	တံတားကို ကူးရင် ချက်ချင်း ပန်းခြံ ရှိတယ်။	There is a park past the bridge.
2918	ကျွန်တော် မနက်တိုင်း လမ်းလျှောက် ထွက်တယ်။	I go jogging every morning.
2919	ကျွန်တော် မနက်တိုင်း လမ်းလျှောက်တယ်။	I jog every morning.
2920	လမ်းကူးပြီး ဘယ်ဘက်ခြမ်းကနေ လျှောက်ရအောင်။	Let's walk on the left side after crossing the road.
2921	ချောင်းဟိုဘက်ကို သွားချင်လို့ တံတားကို ကူးတယ်။	I cross the bridge because I want to get to the other side of the stream.
2923	ပူလို့ ရေကူးကန်မှာ ရေကူးတယ်။	I swim in the swimming pool because it is hot.
2924	သီချင်းဆို ညံ့လို့ အဆိုလေ့ကျင့်မလား စဉ်းစားနေတယ်။	I am thinking to practice singing because I am awful at it.
2925	ညီလေးက ဘောလုံးကစား တော်လို့ သူ့ဆီက သင်ထားတာ။	I learnt football from my younger brother because he is really good at it.
2926	မစ္စတာမဆုအိက ဟင်းချက် တော်တယ်။	Mr. Masui is really good at cooking.
2927	ကျွန်တော် ပန်းချီ ဆွဲတာ ညံ့တယ်။	I am bad at painting.
2928	ကျောင်းအထိ ဆို ဘတ်စ်ကားထက်စာရင် ရထားက ပိုမြန်တယ်လို့ ထင်တယ်။	I think train would be faster than bus to school.
2929	မစ္စတာမဆုအိက အပြေးမြန်တယ်။	Mr. Masui is a fast runner.
2931	ကျွန်တော် လမ်းလျှောက်တာ အရမ်း နှေးတယ်။	I walk very slowly.
2933	ခြေထောက် နာလို့ မပြေးနိုင်တော့ဘူး။	I can't run any longer because my foot hurts.
2934	ဟိုဘက်ကကောင်းကင်မှာ ငှက်တွေ ပျံနေတယ်။	There are birds flying over there in the sky.
2935	နောင်နှစ် ကျရင် နိုင်ငံခြားခရီးသွားမလို့ စိတ်ကူးနေတယ်။	I am thinking to travel abroad next year.
2936	ကျွန်တော် အင်္ဂလိပ်စကား ပြောတတ်တယ်။	I can speak English.
2937	အဘိဓာန် သုံးပြီး အင်္ဂလိပ်စာ လေ့လာတယ်။	I use dictionary to learn English.
2939	မနက်ဖန် နိုင်ငံခြားသားမိတ်ဆွေနဲ့ တွေ့မယ်။	I am meeting my foreign friend tomorrow.
2940	အဲဒီလမ်းဆုံကနေ ညာဘက်ကို ကွေ့ရင် သံရုံးကို တွေ့မယ်။	If you turn right around that corner, you will see the embassy.
2941	ကျွန်တော် မနက်ဖန် သံရုံးကို သွားမယ်။	I am going to the embassy tomorrow.
2943	ဂျပန်က ကျဉ်းတဲ့ နိုင်ငံ ဖြစ်တယ်။	Japan is a small country.
2944	ဒီဟိုတယ်ကအခန်းတွေက အရမ်း သန့်တယ်။	The hotel rooms are very clean.
2946	မစ္စတာမဆုအိက နိုင်ငံခြားမှာ သုံးနှစ် နေခဲ့တယ်။	Mr. Masui had lived abroad for three years.
2947	နောက်နှစ် ကျရင် နိုင်ငံခြားကို အလည်သွားမလားလို့ စိတ်ကူးထားတယ်။	I am thinking to go on an oversea-vacation next year.
2948	စာအုပ်ဆိုင်ကနေ ခရီးသွားလမ်းညွှန်စာအုပ် ဝယ်လာတယ်။	I bought a tour-guide book from the bookstore.
2949	ဒီနေ့ ဒီဆိုင်မှာ အသား ဈေးပေါတယ်။	Meat is cheap at this shop today.
2950	အဲဒီမှာ ဆိုင်တွေ အများကြီး တန်းစီနေတာပဲ။	There are a lot of shops lining up.
2951	ကျွန်တော် သစ်သီးတို့ ဟင်းသီးဟင်းရွက်တို့ကို ဟင်းသီးဟင်းရွက်ဆိုင်မှာ ဝယ်တယ်။	I buy fruits and vegetables at the vegetable shop.
2952	စူပါမားကက်ထက် စာရင် ကုန်စိမ်းဆိုင်က ဈေးချိုတယ်။	Groccery stores are cheaper than supermarkets.
2953	မနေ့တုန်းကညစာက အသားဟင်းနဲ့ပါ။	Last night dinner was fish.
2954	ကျွန်တော် အသားထက် ငါးကို ပိုကြိုက်တယ်။	I prefer fish to other meats.
2955	အမဲသားက အသားတွေထဲမှာ ဈေးအကြီးဆုံးပဲ။	Beef is the most expensive out of all meat.
2956	ကျွန်တော် ဝက်သား မစားနိုင်ဘူး။	I don't eat pork.
2957	ကြက်သားက ဈေးပေါပေမယ့် အမဲသားက ပိုစားလို့ကောင်းတယ်။	Chicken is cheap but beef is more tasty.
2958	ပင်လယ်နဲ့ နီးတဲ့ နေရာကငါးတွေက စားလို့ ကောင်းတယ်။	The fish from the place close to the beach are very good.
2959	ရေခဲသေတ္တာထဲမှာ ဟင်းသီးဟင်းရွက်နဲ့ ကြက်ဥ ရှိတယ်။	There are vegetables and eggs in the fridge.
2960	ဟင်းရွက်တွေကို လှီးပြီး ဆေးမယ်။	I will chop and wash the vegetables.
2961	ကျွန်တော် မနက်တိုင်း ဟင်းသီးဟင်းရွက်နဲ့ သစ်သီး စားတယ်။	I eat vegetables and fruits every morning.
2962	ကားက ဈေးကြီးပေမယ့် အဆင်ပြေတယ်။	The car is expensive but it's convenient.
2965	စာကြည့်တိုက်ကနေ စာအုပ် သုံးအုပ် ငှားခဲ့တယ်။	I borrowed three books from the library.
2966	စာကြည့်တိုက်က မနက်၉နာရီကနေ ည၈နာရီအထိ ဖွင့်ပါတယ်။	The library opens from morning nine to evening eight.
2967	စာကြည့်တိုက်မှာ စာအုပ်စင်တွေ အများကြီး တန်းစီနေတယ်။	There are many bookshelves lined up in the library.
2968	အဘိဓာန် ဟိုကစာအုပ်စင်မှာ ရှိတယ်။	There is a dictionary on that bookshelf.
2969	မဂ္ဂဇင်းကို စာကြည့်တိုက်မှာ ငှားလို့ မရဘူး။	Magazine cannot be borrowed at the library.
2970	ဒီမဂ္ဂဇင်းက ဖတ်လို့ ကောင်းတယ်။	This magazine is good.
2971	အဲဒါ ဒီနေ့သတင်းစာပါ။	That's today's newspaper.
2973	ဒါကို မိတ္တူ ငါးစောင် ကူးမယ်။	I will have five copies of this.
2974	အဘိဓာန်ကို သုံးပြီး ဂျပန်စာ လေ့လာတယ်။	I learnt Japanese by using the dictionary.
2975	စာကြည့်တိုက်မှာ စာအုပ်ကို ကော်ပီ ကူးခဲ့တယ်။	I copied the book at the library.
2976	ဆရာက ကျောင်းသားကို သတင်းစာမိတ္တူ ပေးလိုက်တယ်။	The teacher gave the student a copy of newspaper.
2977	မစ္စတာဟယရှိက ကွန်ပျူတာကုမ္ပဏီမှာ အလုပ်လုပ်တယ်။	Mr. Hayashi works at a computer company.
2978	မနက်ဖန် ကုမ္ပဏီ စောစော သွားမယ်။	I will go to the company early tomorrow.
2979	နားရက်မှာ သူငယ်ချင်းနဲ့ အပြင်ထွက်တယ်။	I go out with my friend during off-days.
2981	ဒါ အီတလီကနက်ကတိုင်ပါ။	This necktie is from Italy.
2982	ဒီအခန်းမှာ ဆေးလိပ် သောက်လို့ မရဘူး။	You can't smoke in this room.
2983	နေ့တိုင်း အလုပ်များလို့ သိပ် အနားမယူနိုင်ဘူး။	I couldn't rest much because work is busy every day.
2984	အလုပ်က ပင်ပန်းပေမယ့် စိတ်ဝင်စားဖို့ ကောင်းတယ်။	Although work is tiring, it's interesting.
2986	ရှေ့တစ်ပတ် ပိတ်တုန်းက ဘာမှ မလုပ်ဘူး။	I didn't do during last week holidays.
2987	ကျွန်တော် ကားကုမ္ပဏီမှာ အလုပ်လုပ်နေတယ်။	I work at a motor-car company.
2988	ကျွန်တော် ဆေးလိပ် သောက်တယ်။	I smoke.
2989	ဆေးလိပ် သောက်ရင် ကျန်းမာရေး ထိခိုက်တယ်။	Smoking harms [your] health.
2991	အဖျား ရှိလို့ ဒီနေ့ ကျောင်းမသွားဘူး။	I didn't go to school today because I had fever.
2992	ကျွန်တော် တနင်္ဂနွေနေ့လည်း အလုပ်လုပ်တယ်။	I work on Sunday as well.
2993	နေ့တိုင်း တစ်နေ့ကို ရှစ်နာရီ အလုပ်လုပ်တယ်။	I work eight hours a day.
2994	ဟိုဘက်လမ်းမှာ အိမ်တွေ အများကြီး တန်းစီနေတယ်။	There is a lot of houses on the other road.
2995	နက်ဖန် မနက် ကျရင် အဝတ် မလျှော်လို့ မဖြစ်ဘူး။	I have to do laundry tomorrow morning.
2996	ပူလို့ အိမ်ပြန်ပြီး ရေချိုးတယ်။	I went back home and showered because it's hot.
2997	ညတိုင်း ရေချိုးပြီးမှ အိပ်တယ်။	I shower before bed every night.
2998	အိမ်ပြန်ရောက်ရင် သန့်ရှင်းရေးလုပ်မယ်လို့ စိတ်ကူးတယ်။	I plan to do some cleaning when I get back home.
2999	နက်ဖန် မနက် ကျရင် အဝတ် လျှော်ရမယ်။	I have to do laundry tomorrow morning.
3000	မနက်ဖန် ည သူငယ်ချင်းနဲ့ တွေ့ရမှာမို့ အပြင်ထွက်မယ်။	I will go out tomorrow night because I have to meet with my friends.
3001	မနေ့က ဘယ်မှ မထွက်ဘူး။	I didn't go anywhere yesterday.
3002	ဒီဟင်းက အိမ်မှာ ချက်လို့ ရတယ်။	This dish can be cooked at home.
3005	မစ္စတာမဆုအိက ဂီတာ တီးတတ်တယ်။	Mr. Masui can play guitar.
3006	ကျွန်တော် နေ့တိုင်း စန္ဒရား လေ့ကျင့်တယ်။	I practice piano every day.
3007	ဒီကင်မရာက ဈေးကြီးပေမယ့် အဆင်ပြေတယ်။	This camera is expensive but nice.
3008	ကင်မရာအသစ် ဝယ်လိုက်တယ်။	I bought a new camera.
3009	ဒါ ဂျပန်ရှေးဟောင်းရုပ်ရှင် ဖြစ်ပါတယ်။	This is an old Japanes movie.
3010	ညီမလေးက ပန်းချီ တော်တယ်။	My younger sister is good at painting.
3011	မစ္စတာမဆုအိက ဆေးလိပ် မကြိုက်လို့ မသောက်ဘူး။	Mr. Masui doesn't smoke because he doesn't like to.
3012	ကျွန်တော် သန့်ရှင်းရေးတို့ အဝတ်လျှော်တာတို့ကို လုပ်ရတာ မုန်းတယ်။	I hate doing cleaning and laundry.
3013	ကျွန်တော် ကြိုက်တဲ့ စားစရာက ဂျပန်ကာရီပါ။	Japan curry is my favourite food.
3014	အမေက ဟင်းချက် ဝါသနာပါတယ်။	My mother likes to cook.
3015	ကာရာအိုကေ သွားရင် အမြဲတမ်း ဒီသီချင်း ဆိုတယ်။	I always sing this song when I go to karaoke.
3016	ကျွန်တော် နောက်လဂီတဖျော်ဖြေပွဲမှာ စန္ဒရားတီးမယ်။	I am going to play piano at a musical performance next month.
3017	ခရီးသွားတုန်းက ဓာတ်ပုံတွေ အများကြီး ရိုက်ခဲ့တယ်။	I took a lot of photos during the trip.
3018	ကျွန်တော် အမြဲတမ်း အိပ်ရာမှာ အိပ်တယ်။	I always sleep on the bed.
3019	အပူပေးစက် ဖွင့်ထားရင် နွေးတယ်။	It's warm if the heater is on.
3021	မအိပ်ခင် အပူပေးစက်ကို ပိတ်တယ်။	I switched off the heater before I go to sleep.
3022	စာမေးပွဲမှာ အဖြေကို ဘောပင်နဲ့ ရေးတယ်။	I wrote down the answers with pen at the exam.
3023	မနက်ဖန်ရဲ့ ရာသီဥတုအခြေအနေကတော့ မိုးရွာပါမယ်။	Tomorrow's weather condition will be rainy.
3024	ဒီနေ့ရာသီဥတု အရမ်း သာယာတယ်။	The weather is very pleasant today.
3025	မနက်ဖန် နေသာရင် တင်းနစ် ကစားကြမယ်။	Let's play tennis if it's sunny tomorrow.
3026	မနက်ဖန် မိုးအုံ့မယ် ဆိုပဲ။	They say it will be cloudy tomorrow.
3027	မနေ့က တောက်လျှောက် မိုးအုံ့တယ်။	It was cloudy all day yesterday.
3028	နားရက်မှာ မိုးရွာရင်တော့ အပြင်မထွက်ဘူး။	If it rains on the weekends, I am not going out.
3029	မနက်ဖန် မိုးရွာမှာမို့ ကျောင်းကို ဘတ်စ်ကားနဲ့ သွားမယ်။	I will go to school by bus tomorrow because it will rain.
3030	ဒီနေ့ လေမတိုက်ဘူး။	It's not windy today.
3034	ဂျပန်ကနွေရာသီက ပူတယ်။	Summer is hot in Japan.
3035	နွေဦးရောက်ရင် နွေးလာမယ်။	It will get warmer in Spring.
3036	ဒီနေ့ တော်တော် နွေးလို့ လမ်းလျှောက် ထွက်မယ်။	I am going to go walking because it's pretty warm today.
3037	မနက်ဖန် ရာသီဥတု ပူမှာမို့လို့ ရေကူးကန်မှာ ရေသွားကူးမယ်လို့ စိတ်ကူးထားတယ်။	I am thinking to go swimming tomorrow because the weather will be hot.
3038	ပြတင်းပေါက် ဖွင့်လိုက်တော့မှ နည်းနည်း အေးသွားတယ်။	It feels much cooler after opening the window.
3039	ဆောင်းဦးက အေးမြတယ်။	Autumn is cool.
3040	မနက်က မိုးရွာပေမယ့် အခု နေသာနေတယ်။	Although it rained this morning, it's sunny now.
3041	မနက်ဖန် နေသာရင် တင်းနစ် ကစားကြမယ်။	Let's play tennis if it's sunny tomorrow.
3042	မနှစ်က နှင်း သိပ် မကျဘူး။	It wasn't that snowy last year.
3043	လေတိုက်နေလို့ ချမ်းတယ်။	It's cold because it's windy.
3044	မနက်ဖန် လေပြင်းတိုက်မယ် ဆိုပဲ။	They say it will be very windy tomorrow.
3045	မနက်ဖန် အပူချိန် သုံးဆယ်ဒီဂရီအထိ မြင့်မှာ ဆိုတော့ ပူတယ်။	Tomorrow will be hot because the temperature will rise up to thirty degree.
3046	အအေးမိပြီး ကိုယ်အပူချိန်သုံးဆယ့်ရှစ်ဒီဂရီ ရှိတယ်။	I caught cold and have thirty eight degree fever.
3047	မိုး နည်းနည်း အုံ့လာပြီ။	It is starting to get cloudy.
3048	မနေ့က တောက်လျှောက် မိုးအုံ့တယ်။	It was cloudy the whole day yesterday.
3050	ကျွန်တော် ဒီသီချင်းကို အကြိုက်ဆုံးပဲ။	This is my favourite song.
3051	နှင်း ကျတဲ့ နေ့ ဆို အပြင်မထွက်ဘူး။	[I] can't go outside on snowy days.
3052	လေကြမ်းတဲ့ နေ့ ဆို တင်းနစ်ရိုက်လို့ မရဘူး။	[I] can't play tennis on windy days.
3053	ည ဆို အေးလို့ အပြင်ထွက်ရင် ကုတ်အင်္ကျီ ယူသွားတယ်။	I bring my sweaters to outside at night because it is cold.
3056	ဆံပင် မညှပ်ခင် ခေါင်း အရင် လျှော်တယ်။	I wash my hair before having a haircut.
3057	ဟို ဆံပင်အနက်​ ရောင်နဲ့လူက မစ္စတာမဆုအိပါ။	That man with dark hair is Mr. Masui.
3058	ရထားတံခါး ပိတ်မယ်။	The train doors will be closed.
3059	ကျွန်တော် ဘူတာဝန်ထမ်းကို လက်မှတ် ပြလိုက်တယ်။	I showed the ticket to the station officer.
3060	ကျွန်တော် မနေ့က ဆံပင်ညှပ်ခဲ့တယ်။	I had a haircut yesterday.
3062	အလှပြင်ဆိုင်က ဘူတာရဲ့ ဘေးမှာ ရှိတယ်။	The salon is beside the station.
3063	ဒီည စာကြည့်တိုက်မှာ အိမ်စာ လုပ်မယ်။	I am going to do homework at the library tonight.
3064	ဒီမှာ အဖြေ ရေးမယ်။	Write the answer here.
3065	နောက်လမှာ တရုတ်ပြည်က ပညာတော်သင်ကျောင်းသား လာမယ်။	Exchange students from China will come next month.
3066	ဟိုလူက ဒီကျောင်းကနိုင်ငံခြားသားကျောင်းသားပါ။	That person is an international student from this school.
3067	မနက်ဖန် သူငယ်ချင်းနဲ့ ရုပ်ရှင် သွားကြည့်မယ်။	I am going to the movies with my friend tomorrow.
3068	မနေ့ကစာမေးပွဲက အရမ်း ခက်တယ်။	The exam was very difficult yesterday.
3069	ဟိုဆရာရဲ့ အတန်းက စိတ်ဝင်စားဖို့ ကောင်းတယ်။	That teacher's class is interesting.
3070	ဟို မိတ်ကပ်ဆရာက သေးသွယ်ပြီး လှတယ်။	That makeup artist is slim and beautiful.
3071	ကျောင်းပြီးရင် အလှပြင်ဆရာ လုပ်ချင်မယ်။	I want to be a makeup artist after school.
3072	ဒီသေတ္တာက အနံ တိုပြီး အလျား ရှည်တယ်။	This box has a short breadth but a long width.
3073	မနေ့က ကုမ္ပဏီ ခွင့်ယူပြီး ဆေးရုံ သွားတယ်။	I took leave from the company and went to the hospital yesterday.
3074	ကိုယ် ပူနေလို့ ဒီနေ့ အနားယူမယ်။	I am going to rest today because I have fever.
3075	စားပွဲပေါ်မှာ ပန်းအိုး ရှိတယ်။	There is a vase on the table.
3076	နေ့တိုင်း ရေဒီယိုနဲ့ သတင်း နားထောင်တယ်။	I listen to the news on the radio every day.
3077	သူငယ်ချင်းကို မစ္စတာခိမုရရဲ့ ဖုန်းနံပါတ် ပေးလိုက်တယ်။	I gave Mr. Kimura's phone number to my friend.
3078	အမေဆီက အဆက်အသွယ် မလာလို့ စိတ်ပူခဲ့တယ်။	I was worried because I couldn't get any contact with my mom.
3079	မနေ့က မစ္စတာမဆုအိဆီက အဆက်အသွယ် ရတယ်။	I got contact from Mr. Masui yesterday.
3080	ကုမ္ပဏီကို ဖုန်းနဲ့ ဆက်သွယ်လိုက်ပါ။	Please call the company.
3081	အိမ်ရောက်ရင် ဆက်သွယ်လိုက်မယ်။	I will contact once I get back home.
3084	ဒီအိမ်ခန်းက အိမ်လခ ဈေးကြီးတယ်။	This apartment's rent is too high.
3086	ပိုပြီး ဈေးသက်သာတဲ့ အခန်းကို ရှာမလို့ စိတ်ကူးထားတယ်။	I am thinking to search for a cheaper room.
3087	သော့ မတွေ့လို့ အိတ်ထဲကို ရှာတယ်။	I searched in the bag because I couldn't find the keys.
3088	ဆေးလိပ် သောက်တဲ့ အခါ ဆေးလိပ်ပြာခွက်ကို သုံးတယ်။	I use the ash tray when I smoke.
3089	စားပွဲပေါ်မှာ ဆေးလိပ်ပြာခွက် ရှိတယ်။	There is an ash tray on the table.
3091	နေ့လယ်စာ အမြဲတမ်း ဒီဆက်မီနူးကို စားတယ်။	I always eat this set menu for lunch.
3092	အဲဒီစားသောက်ဆိုင်ကဆက်မီနူးက ဈေးသက်သာပြီး စားလို့ ကောင်းတယ်။	The set menu from that restaurant is cheap and declicious.
3093	ဆိုင်ဝန်ထမ်းကို အစားအသောက် မှာလိုက်တယ်။	I order food from the waiter.
3094	ဒီစားသောက်ဆိုင်ကဆိုင်ဝန်ထမ်းတွေ အလုပ်များတဲ့ ပုံပဲ။	The staffs at this restaurant look very busy.
3095	ကျွန်တော် ကော်ဖီကို နို့ မထည့်ဘဲ သောက်တယ်။	I drink coffee without milk.
3096	မနက်တိုင်း ပေါင်မုန့် စားပြီး နွားနို့ သောက်တယ်။	I eat bread and drink milk every morning.
3097	ခြေအိတ်အရောင်းကောင်တာက တစ်ထပ်မှာ ရှိတယ်။	The socks counter is on the first floor.
3098	ဒီလွယ်အိတ် အကြွေးဝယ်ကတ်နဲ့ ဝယ်ထားတာ။	I bought this bag with a credit card.
3099	ပိုက်ဆံအိတ်ထဲ အကြွေးဝယ်ကတ်ကို ထည့်တယ်။	I put the credit card into the bag.
3100	ဈေးဝယ်တဲ့ အခါ ခရက်ဒစ်ကတ်ကို သုံးတယ်။	I use the credit card when I go shopping.
3102	ရေကြောင်းလိုင်းနဲ့ ပို့တာက အချိန်ကြာပေမယ့် ဈေးသက်သာတယ်။	Shipping items/packages takes a very long time but it is cheaper.
3103	သင်္ဘောလိုင်းထက် စာရင် လေယာဉ်နဲ့ ပို့တာက မြန်မြန် ရောက်တယ်။	Sending via plane is faster than shipping.
3104	မနေ့က အမေ့ဆီ ပစ္စည်း ပို့လိုက်တယ်။	I sent the item to my mother yesterday.
3105	လေကြောင်းလိုင်းနဲ့ ပို့လိုက်လို့ နည်းနည်း ဈေးများတယ်။	It costed quite a bit because I sent it via plane.
3106	နွေရာသီ ဆို ပူလို့ အနောက်တိုင်းဝတ်စုံ မဝတ်ချင်ဘူး။	I don't want to wear a suit during Summer because it's hot.
3107	ကုမ္ပဏီ သွားတဲ့ အခါ အနောက်တိုင်းဝတ်စုံ ဝတ်တယ်။	I wear suits to the company.
3108	မွေးနေ့မှာ သူငယ်ချင်းဆီက ရှပ်အင်္ကျီ လက်ဆောင်ရတယ်။	I got a shirt as a present from my friend on my birthday.
3110	မစ္စတာခိမုရက ကျောင်းသား ဖြစ်ပြီး မစ္စတာတာနာခါကတော့ ကုမ္ပ⁠ဏီ ဝန်ထမ်း ဖြစ်ပါတယ်။	Mr. Kimura is a student and Mr. Tanaka is a company employee.
3111	စူပါမားကက်ကို ဈေးဝယ် သွားတယ်။	I go shopping at the supermarket.
3114	ပေါင်မုန့် ဘယ်နှခု ဝယ်လိုက်လဲ။	How many bread did you buy?
3115	စားပွဲပေါ်မှာ ခွက် ဘယ်နှခွက် ရှိသလဲ။	How many cups are there on the table?
3116	ဂျပန်လူမျိုးတွေက တူနဲ့ ထမင်းစားတယ်။	Japanese people eat with chopsticks.
3117	ပန်းခြံမှာ လမ်းလျှောက်ပြီး အိမ်ပြန်မယ်။	I am going to walk at the park, then go home.
3118	ကျွန်တော် နေ့တိုင်း တင်းနစ် လေ့ကျင့်တယ်။	I practice tennis every day.
3119	အားကစား ဆို ဘေ့စ်ဘောကို အကြိုက်ဆုံးပဲ။	Baseball is my favourite sport.
3120	မစ္စတာမဆုအိက ဘောလုံးထက် ဘေ့စ်ဘော ပိုတော်တယ်။	Mr. Masui is better at baseball than he is at football.
3121	မိုးရွာလို့ ဘေ့စ်ဘောပြိုင်ပွဲ မရှိဘူး။	No baseball match because of the rain.
3122	မနက်ဖန် တင်းနစ်ပြိုင်ပွဲ ရှိတယ်။	There is a tennis match tomorrow.
3123	ဘရာဇီးဟာ ဘောလုံး အရမ်း အားသာတဲ့ နိုင်ငံ ဖြစ်တယ်။	Brazil is a country whose strong suit is football.
3124	ကိုယ်ခံအား မကောင်းလို့ အားကစားလုပ်လို့ မရဘူး။	[I] can't play sports because [I] have very low stamina.
3126	အခန်းက ညစ်ပတ်နေလို့ သန့်ရှင်းရေးလုပ်မယ်။	I am going to clean the room because it's dirty.
3127	ဒီအနီးတဝိုက်ကပင်လယ်က ညစ်ပတ်တယ်။	The beach around here is dirty.
3128	အပြင်ထွက်တုန်းက မီးပိတ်ဖို့ မေ့သွားတယ်။	I forgot to switch off the light when I went out.
3129	မအိပ်ခင် မီးပိတ်တယ်။	I switched off the light before sleeping.
3130	ဒီနေ့တော့ အိမ်ပြန်မယ်။	I am going home for today.
3131	မနေ့က သော့ ပျောက်သွားတယ်။	I lost my keys yesterday.
3132	ဒါ ကျွန်တော့်အိမ်သော့ပါ။	This is my house keys.
3133	အိမ်ကတံခါးရဲ့ ရှေ့မှာ ကြောင် ရှိတယ်။	There's a cat in front of the door of the house.
3134	ဒီချောင်းကရေက သန့်တယ်။	The water from this stream is clean.
3135	မစ္စတာလီက ဂျပန်လို တတ်တယ်။	Mr. Lee knows Japanese.
3136	ဘဏ်မှာ ငွေ ချေးတယ်။	I get loans at the bank.
3137	ကျွန်တော့်အဖေက ဘဏ်ဝန်ထမ်းပါ။	My father is a banker.
3138	ကောင်တာမှာ ရှိတဲ့ ဘဏ်ဝန်ထမ်းတွေက မိန်းကလေးတွေ များတယ်။	There are many female staffs at the counter.
3139	ဘဏ်ကောင်တာကနေ ငွေ လွှဲမယ်။	I am going to transfer money at the bank counter.
3140	ဘဏ်မှာ ငွေ သွားလွှဲမယ်။	I am going to transfer money at the bank.
3141	ကောင်တာကနေ ငွေလွှဲပုံစံစာရွက် ရခဲ့တယ်။	I got a transfer slip from the counter.
3142	ဒီစာရွက်မှာ နာမည်နဲ့ လိပ်စာ ရေးမယ်။	I will write down the name and address on this paper.
3143	စာရွက်မှာ ရေးထားတဲ့ နံပါတ်ကို မှတ်တယ်။	I memorize the numer written on the paper.
3144	သူငယ်ချင်းကို လိပ်စာအသစ် ပေးလိုက်တယ်။	I gave the new address to my friend.
3145	အဲဒီပုဂ္ဂိုလ်က ဒီကျောင်းကဆရာပါ။	That person is a school teacher.
3146	နိုင်ငံခြားသားနဲ့ စကားပြောရတာ ပျော်ဖို့ ကောင်းတယ်။	It's fun to talk to foreigners.
3147	လွန်ခဲ့တဲ့ သုံးနှစ်က ဒီနိုင်ငံကို လာခဲ့တယ်။	I came to this country three years ago.
3148	အိမ်နားက လေဆိပ်အသစ်ကြီး ဆောက်ပြီးသွားပြီ။	The new airport near my home has completed.
3149	လေဆိပ်မှာ ပတ်စပို့ကို ပြတယ်။	I show my passport at the airport.
3150	ဘူတာမှာ ပတ်စပို့ ပျောက်သွားတယ်။	I lost my passport at the station.
3151	နိုင်ငံခြား သွားတဲ့ အခါ ပတ်စပို့ လိုတယ်။	You need a passport when travelling abroad.
3153	ပိတ်ရက်မှာ သူငယ်ချင်းနဲ့ ဈေးသွားဝယ်မယ်။	I am going to go shopping with my friend on the weekend.
3154	ဧည့်လမ်းညွှန်က မြို့ရဲ့ အကြောင်းကို ပြောပြပေးတယ်။	The tour guide provides information about the city.
3155	ကျွန်တော့်သူငယ်ချင်းက ဧည့်လမ်းညွှန် လုပ်နေတယ်။	My friend is working as a tour guide.
3156	အပြန်ရထား မရှိလို့ သူငယ်ချင်းအိမ်မှာ ဝင်တည်းတယ်။	I stayed at my friend's home because there wasn't any train to return.
3157	ဒီည ဟိုတယ်မှာ တည်းမယ်။	Tonight I will stay at the hotel.
3158	သူငယ်ချင်းဆီက ခရီးအပြန်လက်ဆောင် ရခဲ့တယ်။	I got a souvenir from my friend.
3159	မိသားစုအတွက် အပြန်လက်ဆောင် ဝယ်မယ်။	I am going to buy souvenirs for my family.
3160	ငွေလွှဲချလန် ဖြည့်တဲ့ အခါ ဘောပင်ကို သုံးတယ်။	I use pen when filling out cash transfer challan.
3161	အဲဒီကုမ္ပဏီက ကား ထုတ်လုပ်နေတယ်။	That company is manufacturing cars.
3162	စားပွဲခုံကို ကိုယ်တိုင် လုပ်တယ်။	I make desks on my own.
3163	အလုပ်ကိစ္စနဲ့ ဧည့်သည်နဲ့ တွေ့ရမှာမို့ နက်ကတိုင် စည်းရမယ်။	I need to wear a necktie because I have to meet a guest for business.
3165	နေ့တိုင်း ဂျပန်စာ လေ့လာနေပေမယ့် ခန်းဂျီးကိုတော့ မှတ်လို့ မရဘူး။	Although I learn Japanese every day, I can't remember Kanji.
3167	မစ္စတာလီက ဂျပန်ဘာသာနဲ့ စာတစ်စောင် ရေးခဲ့တယ်။	Mr. Lee wrote a letter in Japanese.
3168	အင်္ဂလိပ်လို ပြောရတာ ခက်တယ်။	It's hard to speak in English.
3169	မစ္စတာမဆုအိက မစ္စတာခိုဘာယာရှိနဲ့ စကားပြောနေတယ်။	Mr. Masui is talking with Mr. Kobarashi.
3170	အဲဒီအကြောင်းကို ကျွန်တော် ဆရာ့ကို ပြောမယ်။	I will tell you/the teacher about that case.
3171	ဒီစာရွက်မှာ မေးခွန်းရဲ့ အဖြေကို ရေးမယ်။	You have to write the answer to the question on this paper.
3172	မနေ့က သူငယ်ချင်းဆီ စာရေးခဲ့တယ်။	I wrote to a friend yesterday.
3173	စာလုံး ရေးရတာ သိပ် မကြိုက်ဘူး။	I don't like writing words much.
3174	မစ္စတာမဆုအိက လက်ရေး ကောင်းတယ်။	Mr. Masui has a nice handwriting.
3175	မစ္စတာဟယရှိဆီက စိတ်ဝင်စားစရာကောင်းတဲ့ စကားကို ကြားခဲ့တယ်။	I heard an interesting news from Mr. Hayashi.
3176	မစ္စတာမဆုအိက မစ္စတာဟယရှိနဲ့ စကားပြောနေတယ်။	Mr. Masui is talking with Mr. Hayashi.
3177	ဆရာ ပြောတဲ့ အဓိပ္ပာယ် နားမလည်ဘူး။	I don't understand what the teacher meant.
3178	မစ္စတာလီကို ဒီစကားရဲ့ အဓိပ္ပာယ်ကို သင်ပေးခဲ့တယ်။	I taught Mr. Lee the meaning of this word.
3179	ဂျပန်စာမှာ ခတခနစကားတွေ အများကြီး ရှိတယ်။	Japanese has a lot of Katakana words.
3180	ဟီရဂန ရေးတတ်ပေမယ့် ခတခနတော့ မရေးတတ်သေးဘူး။	Although I can write Hiragana, I still can't write Katakana.
3181	ဒီစာကြောင်းက တိုလို့ ဖတ်ရ လွယ်တယ်။	This sentence is easy to read because it's short.
3182	နိုင်ငံခြားဘာသာကို လေ့လာရတာ ခက်တယ်။	Foreign languages are difficult to learn.
3183	ဂျပန်ဘာသာနဲ့ ရေးထားတဲ့ စာအုပ်ကို ဖတ်တယ်။	I read books written in Japanese.
3184	စကားရဲ့ အဓိပ္ပာယ် နားမလည်တဲ့ အခါ အဘိဓာန်ကို သုံးတယ်။	I use the dictionary when I don't understand the meaning of the word.
3185	မနက် အိပ်ရာထပြီးတော့ မျက်နှာသစ်တယ်။	I wash my face when I get up in the morning.
3186	ကုန်တိုက်မှာ အဝတ်အစားအသစ်ကို ဝယ်တယ်။	I buy new food at the mall.
3187	အနွေးထည် ယူပြီး အပြင်ထွက်တယ်။	I bring my sweaters to outside.
3188	အပြင်မှာ အေးလို့ ကုမ္ပဏီကို ကုတ်အင်္ကျီ ဝတ်သွားတယ်။	I wear a coat to the company because it's cold outside.
3189	ပူလို့ ဆွယ်တာ ချွတ်မယ်။	I am going to take off the sweater because it's hot.
3190	ဒီဘောင်းဘီက ကျွန်တော်နဲ့ သေးလို့ ဝတ်လို့ မရဘူး။	This pants is too small for me to wear.
3192	မစ္စခိုဘာယာရှိက စကတ်ထက် ဘောင်းဘီကို ပိုကြိုက်တယ်။	Ms. Kobarashi prefers pants to skirts.
3193	ရှူးဖိနပ်ကို ချွတ်ပြီး ဖိနပ်ပါးကို စီးတယ်။	I take off the shoes and wear the slippers.
3194	မျက်စိ မကောင်းလို့ မျက်မှန် တပ်မယ်။	I am going to wear glasses because of poor sight.
3195	ဂျပန်မှာ အိမ်ထဲကို ဝင်တဲ့ အခါ ဖိနပ်ချွတ်တယ်။	In Japan, [they] take off shoes on entering the house.
3196	ဖိနပ်အသစ် စီးပြီး အပြင်ထွက်မယ်။	I am going to go outside with my new shoes.
3197	မစ္စခိမုရက ချစ်စရာကောင်းတဲ့ စကတ်လေးကို ဝတ်ထားတယ်။	Ms. Kimura is wearing a cute skirt.
3198	ရေချိုးခန်း ဝင်မလို့ အင်္ကျီချွတ်မယ်။	I am going to take off clothes to go into the shower.
3199	ဒီမုန့်က ချိုတယ်။	This snack is sweet.
3201	ဒီဟင်းက ဘာမှ မဆမ်းဘဲ စားရတယ်။	This dish is supposed to be eaten without seasoning.
3202	ဆာရှိမိကို ပဲငံပြာရည် ဆမ်းပြီး စားတယ်။	I eat sashimi with soy sauce.
3204	စားပွဲခုံပေါ်မှာ ပန်းကန်လုံးနဲ့ တူတွေကို စီထားမယ်။	I will place the bowls and chopsticks on the table.
3205	ပန်းကန်လုံးနဲ့ ထမင်းစားတယ်။	I eat rice with a bowl.
3206	ဒီနေ့ သူငယ်ချင်းနဲ့ ညစာ စားမယ်။	I am going to have dinner with my friend today.
3207	အမြဲတမ်း ဒီမှာ နေ့လယ်စာ စားတယ်။	I always have lunch here.
3208	ဒီနေ့ မနက်စာ မစားခဲ့ဘူး။	I didn't have breakfast today.
3209	မစ္စတာခိမုရက ကျွန်တော့်ကို မုန့် ပေးတယ်။	Mr. Kimura gave me a snack.
3210	ဒီဟင်းက စားကောင်းမယ့် ပုံ မပေါ်ဘူး။	This dish doesn't look so appetizing.
3211	အဲဒီဆိုင်က ဈေးပေါပေမယ့် စားလို့ မကောင်းဘူး။	That shop is cheap but not tasty.
3212	မစ္စတာဟယရှိရဲ့ ထမင်းဘူးက စားချင်စရာကောင်းလိုက်တာ။	Mr. Hayashi's lunchbox looks so appetizing.
3213	ဒီမုန့်က စားလို့ ကောင်းတယ်။	This snack is really tasty.
3214	အလုပ်များလို့ နေ့လယ်စာ မစားလိုက်ရဘူး။	I was so busy today that I skipped lunch.
3215	ဒီကာရီဟင်းက အရမ်း စပ်တယ်။	This curry is very spicy.
3216	မနက်စာ ဆို အမြဲတမ်း ပေါင်မုန့်ပဲ စားတယ်။	I always eat bread as breakfast.
3217	ဒီနေ့ ညစာက ထမင်းဖြူနဲ့ မဆလာဟင်းပါ။	Today's dinner will be rice and masala curry.
3218	ဒီနေ့ညစာကတော့ ကာရီ ဖြစ်ပါတယ်။	Today's dinner will be curry.
3219	မစ္စတာလီကို ဆား ယူပေးတယ်။	I passed the salt to Mr. Lee.
3220	ဟင်းထဲကို သကြားနဲ့ ဆား ထည့်ချက်တယ်။	I use sugar and salt while cooking the curry.
3221	ညီလေးက ကိုယ်ခန္ဓာ အရမ်း သန်မာတယ်။	My younger brother is well-built and strong.
3223	အမှောင်ခန်းထဲမှာ စာအုပ် ဖတ်လိုက်တာ မျက်စိ ညောင်းသွားတယ်။	My eyes got tired from reading in the dark.
3224	မစ္စတာယာမာဒါက မျက်စိ မကောင်းလို့ မျက်မှန် တပ်ထားတယ်။	Mr. Yamada wears glasses because of poor sight.
3225	ဟိုခွေးက နားရွက် ကြီးတယ်။	That dog's ears are huge.
3226	ညီမလေးက မျက်လုံး ပြူးပြီး နှာခေါင်း ချွန်တယ်။	My younger sister has big eyes and pointy nose.
3227	သွား နာလို့ ပါးစပ် ဟလို့ မရဘူး။	I can't open my mouth because of the toothache.
3229	ထမင်း မစားခင် လက်ဆေးတယ်။	I wash hands before having meals.
3230	လမ်း အများကြီး လျှောက်လိုက်လို့ ခြေထောက် ညောင်းသွားတယ်။	My feet got tired from walking a lot.
3231	အဲဒီ့လူရဲ့ ခြေထောက်က အရှည်ကြီးပဲ။	That man's feet is very long.
3232	ရေချိုးခန်းမှာ ကိုယ်လက် သန့်စင်တယ်။	I washed myself up in the bathroom.
3233	အမြဲတမ်း မအိပ်ခင် သွားတိုက်တယ်။	I always brush my teeth before I go to sleep.
3234	မနေ့က အလုပ်များလို့ အရမ်း ပင်ပန်းသွားတယ်။	I got exhausted because of the workload yesterday.
3235	မစ္စတာယာမာဒါက စာသင်ခန်းထဲမှာ ရှိတယ်။	Mr. Yamada is in the classroom.
3236	မစ္စတာခိုဘာယာရှိက အပြာရောင်ထီးကို ကိုင်ထားတယ်။	Mr. Kobarashi is holding a blue umbrella.
3237	မနေ့က ကုန်တိုက်မှာ အဖြူရောင်ဖိနပ် ဝယ်ခဲ့တယ်။	I bought a pair of white shoes at the mall yesterday.
3238	အဝါရောင်ရှပ်အင်္ကျီ ဝတ်ထားတဲ့ တစ်ယောက်က မစ္စတာဟယရှိပါ။	The one wearing a yellow shirt is Mr. Hayashi.
3239	မစ္စတာတာနာခါရဲ့ ကားက အဖြူရောင်ခပ်ကြီးကြီးကားပါ။	Mr. Tanaka's car is a big white car.
3240	ကုမ္ပဏီ သွားတဲ့ အခါ အနက်ရောင်အနောက်တိုင်းဝတ်စုံကို ဝတ်တယ်။	When [I] go to the company, I wear a black suit.
3241	မစ္စတာတာနာခါက အစိမ်းရောင်နက်ကတိုင်ကို စည်းထားတယ်။	Mr. Tanaka is wearing a green necktie.
3242	မစ္စတာခိမုရရဲ့ ဆံပင်က အနီရောင်ပါ။	Mr. Kimura's hair is red.
3243	ကျွန်တော် အနီထက် အပြာကို ပိုကြိုက်တယ်။	I prefer blue to red color.
3244	ကျွန်တော် ကြိုက်တဲ့ အရောင်က အပြာပါ။	My favourite color is blue.
3245	ဒီအရောင်က အရမ်း လှတယ်။	This color is beautiful.
3246	မွေးနေ့မှာ အဝါရောင်လက်ကိုင်ပုဝါလေး လက်ဆောင်ရတယ်။	I got a yellow handkerchief as a present on my birthday.
3247	ပန်းအိုးကို စားပွဲပေါ်မှာ ထားလိုက်တယ်။	I put the vase on the table.
3248	ထိုင်ခုံအောက်မှာ ကြောင် ရှိတယ်။	There is a cat under the chair.
3249	ဟိုထောင့်ကနေ ညာဘက်ကွေ့ရင် စူပါမားကက် ရှိတယ်။	There is a supermarket if you turn right on that corner.
3250	ဒီလွယ်အိတ်က အပြင်ဘက်ခြမ်းမှာ အိတ်ကပ် ရှိတယ်။	This bag has a pocket on the outside.
3251	အိမ်သာ လျှောက်လမ်းလေးရဲ့ ဘယ်ဘက်ခြမ်းမှာ ရှိတယ်။	The restroom is on the left side of the passage.
3252	ဗလာစာအုပ်က လွယ်အိတ်ထဲမှာ ရှိတယ်။	The book is in the bag.
3253	ဟိုစာသင်ခန်းထဲမှာ တီဗွီ ရှိတယ်။	There is a television in the other classroom.
3254	အိမ်မှာ ခွေးနဲ့ ကြောင် ရှိတယ်။	My home has a cat and a dog.
3255	မစ္စတာလီက အခု စာကြည့်တိုက်မှာ ရှိတယ်။	Mr. Lee is at the library now.
3256	ဆောင်းတွင်း ရောက်ရင် ဂျပန်ရဲ့ မြောက်ဘက်ပိုင်းမှာ အရမ်း အေးတယ်။	The northen part of Japan is very cold during Winter.
3257	ကျွန်တော့်အခန်းက တောင်ဘက်မှာ ရှိလို့ အလင်းရောင် ကောင်းတယ်။	Since my room is on the south, it has great light.
3259	ဒီမြို့ရဲ့ အရှေ့ဘက်က အားလုံး သစ်တောတွေပါ။	East of this city is all forest.
3260	ဒီကနေ အနောက်ဘက်ကို နည်းနည်း သွားရင် ပင်လယ် ရှိတယ်။	If you go West from here, there is a beach.
3261	မစ္စတာခိမုရရဲ့ အစ်မက အရမ်း ချောတဲ့ မိန်းကလေး။	Mr. Kimura's sister is a very pretty lady.
3262	အခု ကျွန်တော့်မိဘတွေ နိုင်ငံခြားမှာ နေတယ်။	My parents live abroad now.
3263	အမေ့ကို မွေးနေ့လက်ဆောင် ပေးတယ်။	I gave my mother a birthday present.
3264	အခု အစ်မက တိုကျိုမှာ တစ်ယောက်တည်း နေနေတယ်။	My sister is living alone in Tokyo now.
3265	မစ္စတာတာနာခါရဲ့ အမျိုးသမီးက တက္ကသိုလ်ကဆရာမပါ။	Mr. Tanaka's wife is a university teacher.
3266	နောက်အပတ် မစ္စတာလီရဲ့ အစ်ကို ဂျပန်ကို အလည်လာမယ်။	Mr. Lee's elder brother will come visit Japan next week.
3267	မစ္စတာယာမာဒါရဲ့ အမေက ဟင်းချက် အရမ်း တော်တယ်။	Mr. Yamada's mother is very good at cooking.
3268	မစ္စတာဟယရှိရဲ့ အမျိုးသားက ဆေးရုံမှာ အလုပ်လုပ်နေတယ်။	Mr. Hayashi's husband is working at the hospital.
3269	မစ္စတာယာမာဒါရဲ့ ညီမလေးက အရပ်က ပုပုလေးနဲ့ ချစ်စရာ ကောင်းတယ်။	Mr. Yamada's younger sister is short and adorable.
3270	မစ္စတာဟယရှိရဲ့ ညီလေးက ဘောလုံး ကစားနေတယ်။	Mr. Hayashi's younger brother is playing football.
3271	ကျွန်တော့်မှာ ညီအစ်ကိုမောင်နှမ နှစ်ယောက် ရှိပါတယ်။	I have two siblings.
3272	ဟိုအမျိုးသမီးချောလေးက မစ္စခိမုရပါ။	That pretty lady over there is Ms. Kimura.
3273	ကလေးလေး ပန်းခြံမှာ ကစားနေတယ်။	The kid is playing in the park.
3274	ဟိုမှာ ကောင်မလေးငယ်ငယ်လေး တစ်ယောက် ရှိတယ်။	There is a young lady over there.
3275	အဲ့ဒီဟင်းသီးဟင်းရွက်ဆိုင်ကဦးလေးကြီးက အမြဲတမ်း တက်ကြွနေတာပဲ။	The man from that vegetable shop is always active.
3276	မစ္စတာခိုဘာယာရှိရဲ့ အဒေါ်က တိုကျိုမှာ နေတယ်။	Mr. Kobarashi's aunt lives in Tokyo.
3277	ကျွန်တော် အဘိုးကို လမ်းညွှန်ပေးလိုက်တယ်။	I gave directions to the elderly man.
3278	မစ္စတာဟယရှိရဲ့ အဘွားက မျက်မှန်တပ်ထားတယ်။	Mr. Hayashi's grandmother is wearing glasses.
3279	အရွယ်ရောက်ရင် အရက် သောက်လို့ ရတယ်။	You can drink alcohol when you're an adult.
3280	မစ္စတာမဆုအိနဲ့ မစ္စတာလီက သူငယ်ချင်းတွေပါ။	Mr. Masui and Mr. Lee are friends.
3281	ကျွန်တော့်မှာ ထိုင်းလူမျိုးသူငယ်ချင်း ရှိတယ်။	I have a Thai friend.
3282	အဲဒီအမျိုးသားက အရပ်ကြီး မြင့်ပြီး ခြေထောက်ကြီးကလည်း အရှည်ကြီး။	That man is very tall and has long legs.
3283	ဟိုမှာ ကောင်လေးတစ်ယောက် သစ်ပင်ပေါ် တက်နေတယ်။	There is a boy climbing on the tree over there.
3284	နှစ်မိနစ် စောင့်ပါ။	Please wait for two minutes.
3285	ဒီနေ့ တနင်္ဂနွေနေ့ ဆိုပေမယ့် ကုမ္ပဏီ သွားရမယ်။	Although today is Sunday, I have to go to the company.
3287	မစ္စတာယာမာဒါ နောက်လမှာ တိုကျိုကို သွားမယ်တဲ့။	Mr. Yamada said he will go to Tokyo next month.
3288	နင် ဟိုဘက်မှာ အလုပ်လုပ်နေပါ။	Please work over there.
3289	အဲဒီခွက်က မင်းဟာပါ။	That cup is yours.
3290	ညစာကို နေ့တိုင်း ကိုယ်ပဲ ချက်တယ်။	I cook my own dinner every day.
3291	သန့်စင်ခန်းက ဒီဘက်မှာပါ။	The restroom is this way.
3292	ဒီဘက်က မစ္စတာခိုဘာယာရှိပါ။	This is Mr. Kobarashi.
3293	ဒီမှာ ထိုင်လို့ မရလို့ ဟိုမှာ ထိုင်မယ်။	Let's sit over there because we can't sit at this one.
3294	ဟိုဘက်ကအဆောက်အအုံက ခုနစ်ရာကိုးဆယ့်လေးနှစ်က ဆောက်ထားတာ။	That building over there was built since the year seven hundred and ninety-four.
3295	ဟိုဘက်က မစ္စတာယာမာဒါပါ။	That is Mr. Yamada.
3296	စားသောက်ဆိုင်က ဟိုကအဆောက်အအုံထဲမှာ ရှိတယ်။	The restaurant is inside that building over there.
3297	အန္တရာယ်ရှိလို့ အဲဒီကို မသွားပါနဲ့။	It is dangerous. Please don't go there.
3298	အဲဒီဘက်က မစ္စတာလီပါ။	That over there is Mr. Lee.
3299	အဲဒီကို သွားရင်တော့ စာတိုက်နဲ့ ဘဏ် ရှိတယ်။	If you go there, there is a post office and a bank.
3300	ရှေ့လက နိုင်ငံခြားကို ခရီးထွက်ခဲ့တယ်။	[I] travelled abroad the previous month.
3301	လစဉ် ဘဏ်မှာ ငွေအပ်တယ်။	[I] deposit at the bank every month.
3302	ဒီလ ဟိုစူပါမားကက်က ဗုဒ္ဓဟူးနေ့ ပိတ်တယ်။	That supermarket closes on Wednesday this month.
3303	ဒီလ အလုပ် အရမ်း ရှုပ်တယ်။	It's very busy at work this month.
3305	အမေရိကမှာ အင်္ဂလိပ်စာကို သုံးလ လေ့လာခဲ့တယ်။	[I] studied English for three months in America.
3306	မစ္စတာမဆုအိရဲ့ မွေးနေ့က ရှစ်လပိုင်းမှာပါ။	Mr. Masui's birthday is in August.
3307	မနက်ဖန် ဧပြီလ တစ်ရက်နေ့ပါ။	Tomorrow is April 1st.
3309	လတိုင်း နိုင်ငံခြားကသူငယ်ချင်းဆီကို စာရေးတယ်။	[I] write to my foreign friend every month.
3310	မစ္စတာဟယရှိ နောက်လကနေ စပြီး တစ်လကြာ အလုပ်ကိစ္စနဲ့ နိုင်ငံခြားကို သွားမယ်။	Mr. Hayashi will go on a business trip to abroad for a month, in next month.
3311	ရှေ့လကမှ ဆံပင်ညှပ်ထားတာ ပြန်ရှည်လာပြန်ပြီ။	[I] just had a haircut last month but now it has grown again.
3312	နှစ်တိုင်း မိသားစုနဲ့ ခရီးထွက်တယ်။	I go on a family trip every year.
3313	မနှစ်က ကောင်းတဲ့ နှစ် တစ်နှစ် ဖြစ်တယ်။	Last year was a great year.
3314	ကျွန်တော် တမြန်နှစ်က ဒီတောင်ကို တက်ခဲ့တယ်။	I went hiking to this mountain a few years back.
3315	တမြန်နှစ်က မစ္စတာတာနာခါ တက္ကသိုလ်ထွက်ခဲ့တယ်။	A few years ago, Mr Tanaka dropped out of university.
3316	မနှစ်ကထက် စာရင် ဒီနှစ်က ပိုပူတယ်။	This year is hotter than last year.
3317	ကျွန်တော် ဒီနှစ်က စပြီး ဂီတာတီး သင်မယ်။	I am going to learn how to play guitar this year.
3318	နောက်နှစ် ကျရင် ကျွန်တော် ကားအသစ် ၀ယ်မယ်လို့ စိတ်ကူးထားတယ်။	I am thinking to buy a new car next year.
3319	ကျွန်တော့်အစ်ကို လာမယ့်နှစ်က စပြီး ဘဏ်မှာ အလုပ်ဝင်မယ်။	My brother will work at a bank in coming year.
3320	နောက်နှစ်ရဲ့ နောက်တစ်နှစ် ကျရင် နိုင်ငံကို ပြန်မယ်။	I will return to my country in next two years.
3321	နောက်နှစ်နှစ် ကျရင် အဲဒီမှာ စာကြည့်တိုက် ဖွင့်မယ် ကြားတယ်။	I heard that library will open in two years.
3322	နှစ်တိုင်း အမေ့ကို မွေးနေ့လက်ဆောင် ပေးတယ်။	I give my mother a birthday present every year.
3323	လွန်ခဲ့တဲ့ ငါးနှစ်တုန်းက အမျိုးသမီးနဲ့ လက်ထပ်ခဲ့တယ်။	[I] married my wife five years ago.
3324	မစ္စတာလီက ဂျပန်မှာ သုံးနှစ် နေမယ်လို့ စဉ်းစားထားတယ်။	Mr. Lee is thinking to stay in Japan for three years.
3326	ဒီည ဘူတာမှာ မစ္စတာခိမုရနဲ့ တွေ့မယ်။	I am going to meet Mr. Kimura at the station tonight.
3327	မနက်ဖန် မစ္စတာလီနဲ့ တွေ့ပြီး လက်ဆောင်ပေးမယ်။	I will meet Mr. Lee and give him a present tomorrow.
3328	နည်းနည်း အိုက်လို့ ပြတင်းပေါက် ဖွင့်မယ်။	I will open the window because it is a bit hot.
3329	တံခါး ဖွင့်ပြီး အခန်းထဲ ဝင်မယ်။	Enter the room by opening the door.
3331	အန္တရာယ် ရှိလို့ ဟိုကပြတင်းပေါက်ကို မဖွင့်ရဘူး။	That window must not be opened because it's dangerous.
3332	လက်ကို အပေါ်ကို မြှောက်တယ်။	[I] raise my hand.
3333	မသုံးတဲ့ ပစ္စည်းကို စာအုပ်စင်ပေါ် တင်မယ်။	Unused items will be placed on the bookshelf.
3334	မနက်ဖန် မစ္စတာခိုဘာယာရှိ အလုပ်ရှိလို့ မလာနိုင်ဘူး။	Mr. Kobarashi has work tomorrow and cannot come.
3335	ကျွန်တော် အခု ပိုက်ဆံ မရှိဘူး။	I don't have any money right now.
3336	မနေ့က ဖျားလို့ ကျောင်း မသွားဘူး။	I didn't go to school yesterday because I was ill.
3337	အတန်း ပြီးရင် သူငယ်ချင်းအိမ် သွားမယ်။	I will go to my friend's house after class.
3338	မနက်ဖန် အတန်းမှာ စာစီစာကုံး ရေးရမှာမလို့ အဘိဓာန် လိုတယ်။	I need a dictionary to write an essay in class tomorrow.
3339	ရထား စီးတဲ့ အခါ လက်မှတ် လိုတယ်။	[You] need a ticket to ride a train.
3340	ဖွင့်ပိတ်ခလုတ်ကို ဖွင့်ပြီး မီးထွန်းတယ်။	[I] turn on the light by using the switch.
3341	ကွန်ပျူတာဖွင့်ပိတ်ခလုတ်ကို ဖွင့်တယ်။	I turned on the computer switch.
3342	မစ္စတာတာနာခါရဲ့ မွေးရပ်က တိုကျိုပါ။	Mr. Tanaka's hometown is Tokyo.
3343	ကျွန်တော့်ကို ရှစ်လပိုင်း နှစ်ဆယ့်ခြောက်ရက်မှာ မွေးခဲ့တယ်။	I was born on August twenty-sixth.
3344	ဟိုဆိုင်မှာ စားလို့ ကောင်းတဲ့ မုန့်တွေ ရောင်းတယ်။	That shop sells very tasty snacks.
3346	ဒါ ဂျပန်မှာ မရောင်းတဲ့ စားစရာ။	Japan doesn't have/sell this kind of food.
3347	ဒီမှာ ပစ္စည်း ထားလို့ မရဘူး။	[You] cannot leave/put the baggages/item here.
3348	ဒီနေရာကို နှိပ်ရင် ကော်ဖီ ထွက်တယ်။	Coffee will come out if pressed here.
3349	ကျွန်တော် အဲဒီလူရဲ့ အကြောင်းကို မမှတ်မိဘူး။	I don't remember about that person.
3350	နေ့တိုင်း တီဗွီ ကြည့်ပြီး ဂျပန်စာကို မှတ်တယ်။	Every day, [I] watch television to memorise Japanese.
3351	အလုပ် ပြီးရင် ညစာ သွားစားမယ်။	I will have dinner after work.
3352	ရေကြောင်းနဲ့ စာပို့ရင် အချိန် အရမ်း ကြာတယ်။	It takes very long to ship the package/letter.
3353	ဘူတာကနေ ဆေးရုံကို ဘတ်စ်ကားနဲ့ ဆယ်မိနစ် ကြာတယ်။	It takes ten minutes from the station to the hospital by bus.
3354	အိမ်ကို ဖုန်းဆက်ပေမယ့် ဘယ်သူမှ မရှိဘူး။	[I] called home but nobody was there.
3355	ဒီည သူငယ်ချင်းဆီ ဖုန်းဆက်မယ်။	I am going to call my friend tonight.
3356	မီးဖို ငြိမ်းသွားလို့ ချက်ချင်း ပြန်ထွန်းလိုက်တယ်။	I lit the stove again immediately because the fire died.
3357	အခန်းမီး ပျက်သွားပြီ။	The light burned out in the room.
3358	ကွန်ပျူတာခလုတ်ကို ပိတ်တယ်။	[I] switched off the computer.
3361	​နောက်နှစ် နွေဦး ကျရင် အစ်မ မင်္ဂလာဆောင်မယ်။	My sister is going to get married in next year Spring.
3362	မစ္စတာတာနာခါက လက်ထပ်ပြီး သားကလေး ရှိတယ်။	Mr. Tanaka is married and has a son.
3363	ပန်းခြံမှာ ပန်းလှလှလေးတွေ အများကြီး ပွင့်နေတယ်။	There are many beautiful little flowers blooming at the park.
3364	ဒီပန်းက နွေဦး ရောက်ရင် ပွင့်တယ်။	This flower blooms at Spring.
3365	နိုင်ငံခြားမှာ ပတ်စပို့ ပျောက်သွားလို့ ဒုက္ခရောက်ခဲ့တယ်။	[I] ran into a big trouble because I lost my passport while abroad.
3366	မိုးရွာနေလို့ ကျောင်းကို ထီးဆောင်းသွားတယ်။	[I] went to school with umbrella because it was raining.
3367	တက္ကသိုလ်ကျောင်းရှေ့မှာ စာအုပ်ဆိုင်ကြီး တစ်ဆိုင် လာဖွင့်ထားတယ်။	A huge bookstore has opened in front of the university.
3368	အခန်းထဲကို ဝင်ရင် တံခါး ပိတ်တယ်။	[I] close the door on entering the room.
3369	မစ္စတာခိုဘာယာရှိက အဲဒီစားသောက်ဆိုင်ကို မသိဘူး။	Mr. Kobarashi doesn't know that restaurant.
3370	ကျွန်တော် မစ္စတာယာမာဒါရဲ့ ဖုန်းနံပါတ်ကို သိတယ်။	I know Mr. Yamada's phone number.
3371	မတ်တပ်ရပ်ပြီး သီချင်းဆိုတယ်။	[I] stand and sing.
3372	ဟိုမှာ မစ္စတာခိမုရ ရပ်နေတယ်။	Mr. Kimura is standing over there.
3373	မစ္စတာခိုဘာယာရှိက မစ္စတာတာနာခါကို အလုပ်လုပ်ပေးဖို့ တောင်းဆိုတယ်။	Mr. Kobarashi asked Mr. Tanaka to work.
3374	အမေ အမြဲတမ်း ကျွန်တော့်ကို ဈေးဝယ်ခိုင်းတယ်။	My mother always asks me to go shopping.
3375	ဂျပန်နဲ့ နိုင်ငံခြားက ဘာသာစကား ကွဲပြားတယ်။	Japan and foreign countries have different languages.
3376	ဒါ ကျွန်တော့်မှတ်စုစာအုပ်ပါ။	This is my notebook.
3377	ဒီည စောစော ကုမ္ပဏီ ဆင်းပြီး အိမ်ပြန်မယ်။	I am going to get off from work early and go back home.
3378	ဘာဖြစ်ဖြစ် ကြိုက်တဲ့ စားစရာကို ယူတယ်။	[I] take whatever food that I like.
3379	မစ္စတာလီကို ပဲငံပြာရည် ယူပေးလိုက်တယ်။	I passed the soy sauce to Mr. Lee.
3380	ဒီဓာတ်လှေခါးက နှစ်ထပ်ကနေ ကိုးထပ်အထိ ရပ်တယ်။	The elevator runs between second floor to nineth floor.
3381	ကျွန်တော့်ရှေ့မှာ ကား လာရပ်တယ်။	A car parked in front of me.
3382	မနက်ဖန် မမေ့မလျော့ စာအုပ် ပြန်ပေးမယ်။	I must not forget to return the book tomorrow.
3383	မနေ့က ရထားပေါ်မှာ ထီးမေ့ကျန်ခဲ့တယ်။	[I] forgot [my] umbrella on the train yesterday.
3384	နားမလည်တာ ရှိလို့ ဆရာ့ကို မေးမယ်။	I am going to ask the teacher what I didn't understand.
3385	မစ္စတာလီ ဂျပန်စကား နားလည်တယ်။	Mr. Lee understands Japanese.
3386	မနေ့က မစ္စတာခိမုရကို ဒီမြို့ရဲ့ မြေပုံ ပေးလိုက်တယ်။	Yesterday [I] gave Mr. Kimura a map of this city.
3387	တက္ကစီ တစ်စီး ခေါ်မယ်။	I am going to hire a taxi.
3388	ဆရာက မစ္စတာယာမာဒါရဲ့ နာမည်ကို ခေါ်လိုက်တယ်။	The teacher called out Mr. Yamada's name.
3389	နာရီ အတော်ကြာကြာ အလုပ်လုပ်ခဲ့ရလို့ နည်းနည်း အနားယူလိုက်တယ်။	I took a rest because I worked for quite some hours.
3390	ကျွန်တော် ဘတ်စ်ကား စောင့်နေတယ်။	I am waiting for the bus.
3391	ဒီည ကျွန်တော် ဘူတာမှာ မစ္စတာခိုဘာယာရှိကို စောင့်မယ်။	Tonight I will wait for Mr. Kobarashi at the station.
3392	မစ္စတာခိမုရက ကျွန်တော့်ကို ဓာတ်ပုံ ပြတယ်။	Mr. Kimura showed me pictures.
3394	ကျွန်တော် အဲဒီတောင်ကို တက်ဖူးတယ်။	I have gone hiking to that mountain.
3395	စနေတနင်္ဂနွေမှာ သူငယ်ချင်းနဲ့ တောင်တက်မယ်။	I go hiking with my friend on Saturday and Sunday.
3396	ကျွန်တော် အဲဒီဆရာဆီမှာ ဂျပန်စာ သင်နေတယ်။	I am learning Japanese from that teacher.
3397	မစ္စတာလီ မနေ့က မစ္စတာမဆုအိဆီမှာ ခန်းဂျီး သင်တယ်။	Yesterday Mr. Lee taught Kanji at Mr. Masui.
3398	လေးလပိုင်းကနေ တက္ကသိုလ် စတယ်။	The university starts in April.
3399	မနက်ကိုးနာရီကနေ သင်ခန်းစာအသစ် စမယ်။	A new lesson will start since nine o'clock in the morning.
3402	စာအုပ်စင်မှာ စာအုပ်တွေ အများကြီး စီထားတယ်။	There are a lot of books placed on the bookshelf.
3403	စားပွဲမှာ ပန်းကန်တွေကို စီမယ်။	Set the plates on the table.
3404	စားသောက်ဆိုင်ရှေ့မှာ လူတွေ အများကြီး တန်းစီနေတယ်။	A lot of people are queuing in front of the restaurant.
3405	မနေ့က ရုပ်ရှင်ကြည့်ဖို့ တစ်နာရီ တန်းစီခဲ့ရတယ်။	I had to queue for an hour to watch movies yesterday.
3406	တက္ကသိုလ်ပြီးရင် သွားဆရာဝန် ဖြစ်ချင်တယ်။	I want to be dentist after university.
3407	နွေရောက်ရင် ပူလာမယ်။	It will be hot in the Summer.
3408	နောက်နှစ်မှာ ကျွန်တော် တက္ကသိုလ် ပြီးမယ်။	I will finish university next year.
3409	တနင်္လာနေ့ ဆို မနက်ကတည်းက ကျောင်းသွားတယ်။	I go to school since morning on Monday.
3410	အင်္ဂါနေ့ မကျော်ခင်ထိ စာအုပ် ပြန်မအပ်လို့ မဖြစ်ဘူး။	The book must be returned before Tuesday.
3411	ဟိုနားကဆေးရုံက ဗုဒ္ဓဟူးနေ့နဲ့ တနင်္ဂနွေနေ့ ပိတ်တယ်။	The clinic over there closes on Wednesday and Sunday.
3412	ကြာသပတေးနေ့နေ့လယ်ပိုင်း ကျရင် ဘဏ်မှာ ငွေသွားသွင်းမယ်။	I am going to deposit at the bank Thursday afternoon.
3413	နောက်တစ်ရက်က ပိတ်ရက်မို့လို့ သောကြာနေ့ ဆို အမြဲတမ်း သူငယ်ချင်းနဲ့ လျှောက်လည်တယ်။	I always hangout with friends on Friday because the next day is off.
3414	စနေနေ့ ကျရင် မစ္စတာဟယရှိရဲ့ အိမ်မှာ ညစာစားမယ်။	I am having dinner at Mr. Hayashi's home on Saturday.
3415	ရှေ့အပတ်တုန်းက အမေ့မွေးနေ့။	Last week was my mother's birthday.
3416	ဒီအပတ် ဂျပန်စာအတန်း မရှိဘူး။	There is no Japanese class this week.
3417	နောက်အပတ် စာမေးပွဲရှိလို့ စာဖတ်မယ်။	I am going to read because I have an exam next week.
3418	နောက်အပတ် အစ်မ မင်္ဂလာဆောင်မယ်။	My sister is getting married next week.
3419	အပတ်စဉ် စနေနေ့တိုင်း ဘောလုံး လေ့ကျင့်တယ်။	I practice football every Saturday.
3420	မနှစ်က သူငယ်ချင်းနဲ့ နိုင်ငံခြား အလည်ခရီးထွက်ခဲ့တယ်။	I travelled abroad with my friend last year.
3421	တစ်နေ့က ကုန်တိုက်မှာ ဖိနပ်အသစ် ဝယ်ခဲ့တယ်။	I bought new shoes at the mall the other day.
3422	တစ်နေ့က အေးလို့ နှင်းတွေ ကျတယ်။	It snowed because it was so cold the other day.
3423	မနေ့က ဘူတာရှေ့မှာ စားသောက်ဆိုင်သစ် တစ်ဆိုင် ဖွင့်ထားတာ တွေ့လိုက်တယ်။	I saw a new restaurant open in front of the station yesterday.
3424	မနေ့က အမေ့ဆီ စာပို့လိုက်တယ်။	I sent my mother a letter yesterday.
3425	ဒီနေ့ အအေးမိလို့ ကျောင်းမသွားဘူး။	I didn't go to school today because I caught cold.
3426	ဒီနေ့ မစ္စတာလီနဲ့ ရုပ်ရှင် သွားကြည့်မယ်။	I am going to the movies with Mr. Lee today.
3427	မနက်ဖန်က စပြီး နေ့တိုင်း ခန်းဂျီး လေ့လာမယ်။	Starting from tomorrow, I am going to learn Kanji.
3428	မနက်ဖန် သံရုံး မသွားလို့ မဖြစ်ဘူး။	[I/you] must go to the embassy tomorrow.
3429	သန်ဘက်ခါ ပင်လယ်မှာ ရေသွားကူးမယ်လို့ စိတ်ကူးထားတယ်။	I plan to go swimming in the beach the day after tomorrow.
3430	သန်ဘက်ခါ ဘေ့စ်ဘောပြိုင်ပွဲ ရှိတယ်။	There is a baseball match the day after tomorrow.
3431	မနေ့ညက ပင်ပန်းလို့ အစောကြီး အိပ်တယ်။	I went to bed early last night because I was tired.
3432	မနေ့ညက မစ္စတာခိမုရနဲ့ ညစာ သွားစားတယ်။	I went for dinner with Mr. Kimura last night.
3433	နောက်အပတ်က စပြီး နေ့တိုင်း စာမေးပွဲ ရှိတယ်။	Stating from next week, there will be exam every day.
3434	မနက်တိုင်း သတင်းစာ ဖတ်ပြီး ကုမ္ပဏီ သွားတယ်။	Every morning, I go to work while reading newspaper.
3435	နေ့တိုင်း ခြောက်နာရီမှာ အိပ်ရာထတယ်။	I get up at six every morning.
3436	ညတိုင်း မအိပ်ခင် စာအုပ် ဖတ်တယ်။	I read a book before I sleep every night.
3437	ညတိုင်း နှစ်နာရီကြာလောက် အင်္ဂလိပ်စာကို လေ့လာတယ်။	[I] learn English for two hours every night.
3438	ဒီဟိုတယ်က တစ်နေ့ကို ယန်းခုနစ်ထောင့်ရှစ်ရာပါ။	The hotel charges seven thousand and eight hundred yen for a night.
3439	ဒီနေ့ မိုးရွာလို့ တစ်နေ့လုံး အိမ်မှာ ရှိတယ်။	[I] was home all day because of the rain today.
3441	အမေကို ဆယ့်တစ်လပိုင်း နှစ်ဆယ့်ကိုးရက်နေ့မှာ မွေးခဲ့တယ်။	My mother was born on November twenth-nineth.
3442	ဒီမနက်က ထမင်းမစားဘဲ အိမ်က ထွက်တယ်။	I left home without eating this morning.
3443	ဒီမနက်က ရာသီဥတု သာယာတယ်။	The weather was pleasant this morning.
3444	ဒီည သူငယ်ချင်း အိမ်မှာ လာတည်းမယ်။	Tonight my friend will come sleepover at home.
3445	ဒီည အရမ်း အေးတယ်။	Tonight is very cold.
3446	ဒီနေ့ မနက်ကနေ ညနေအထိ အတန်း ရှိတယ်။	I have class since morning till evening today.
3447	အမြဲတမ်း မနက်ရှစ်နာရီရထားကို စီးတယ်။	I always take the morning eight o'clock train.
3448	မနေ့နေ့လယ်က မစ္စတာခိမုရနဲ့ ကော်ဖီဆိုင် သွားတယ်။	I went to a café with Mr. Kimura yesterday afternoon.
3449	နေ့တိုင်း နေ့လယ်ပိုင်း ဆို တစ်နာရီ နားတယ်။	[I] always take a break for one hour in the afternoon every day.
3450	ညနေ မစောင်းခင်ထိ ဒီအလုပ်ကို ပြီးအောင် လုပ်ရမယ်။	I will finish this task before evening.
3451	ညနေ ပန်းခြံမှာ လမ်းသွားလျှောက်မယ်။	I am going to walk in the park this evening.
3452	အဲဒီကစူပါမားကက်က ညလည်း ဖွင့်တယ်။	That supermarket opens at night too.
3453	ညဆယ့်နှစ်နာရီပေမယ့် စာဖတ်မယ်။	Although it's midnight, I am going to read.
3454	အဖေ နေ့တိုင်း မနက်ကနေ ညအထိ အလုပ်လုပ်တယ်။	My father works since morning till night every day.
3455	မနေ့ညက အတော် မိုးချုပ်တဲ့ အထိ စာဖတ်တယ်။	I read till late last night.
3456	မနက်ဖန် မနက်ပိုင်း ကျောင်းမှာ ရှိမယ်။	I will be at school tomorrow morning.
3457	အခု မနက်ခုနစ်နာရီပါ။	It's seven in the morning now.
3458	အခု ညခုနစ်နာရီပါ။	It's seven in the evening now.
3459	ဒီမနက်က အချိန်ရလို့ သတင်းစာ ဖတ်ပြီးမှ အိမ်က ထွက်မယ်။	I read the newspaper because I had time before leaving home this morning.
3460	အလုပ်များလို့ လျှောက်လည်ဖို့ အချိန် မရဘူး။	[I] don't have time to hangout because I am busy.
3462	စာသင်ချိန်မှာ ဆရာ့စကားကို သေချာ နားထောင်ရမယ်။	[You] have to listen carefully to the teacher during class.
3463	အိမ်ကနေ ကျောင်းအထိ ရထားနဲ့ တစ်နာရီ ကြာတယ်။	It takes an hour from home to school by train.
3464	မနေ့က ရှစ်နာရီကြာလောက် အိပ်တယ်။	I slept for like eight hours yesterday.
3465	အိမ်ပြန်ရင် ရေ အရင် ချိုးမယ်။	I am going to take shower first when I get home.
3466	ရထား စီးတဲ့ အခါ ဆင်းတဲ့ လူက အရင်။	When riding a train, the passenger getting off is priority.
3467	သကြား ထည့်ပြီးရင် နောက်တစ်ဆင့်အနေနဲ့ ပဲငံပြာရည် နည်းနည်း ထည့်မယ်။	After adding sugar, the next step is to add a little bit of soy sauce.
3468	ပြီးရင် ဒီမဂ္ဂဇင်းကို မစ္စတာယာမာဒါကို ငှားမယ်။	I will borrow this magazine to Mr. Yamada afterwards.
3469	တော်ကြာ ကျရင် စာကြည့်တိုက်မှာ စာအုပ် သွားအပ်မယ်။	I am going to return books at the library soon.
3470	နောက် ငါးမိနစ် ဆို အတန်း ပြီးမယ်။	The class will dismiss in next five minutes.
3472	ဒီစားသောက်ဆိုင်က ကြီးပြီး သန့်တယ်။	This restaurant is big and clean.
3473	တိရစ္ဆာန်သေးသေးလေးတွေက အရမ်း ချစ်ဖို့ ကောင်းတယ်။	Tiny animals are so cute.
3474	ကျွန်တော့်အိမ်က သေးပြီး ကျဉ်းတယ်။	My house is small and tight.
3476	ညဘက်က မှောင်တော့ အန္တရာယ်များတယ်။	The night is dangerous because it's dark.
3477	လင်းလင်းထိန်ထိန် ရှိတဲ့ နေရာမှာ စာဖတ်တယ်။	I read at bright places.
3478	ဒီစာသင်ခန်းက အလင်းရောင် ကောင်းပြီး သန့်ရှင်းတယ်။	This classroom is light and clean.
3479	ဒီလက်ဖက်ရည်က ပူတယ်။	This tea is hot.
3480	ရေနွေးကြမ်း ပူပူလေး သောက်ချင်တယ်။	I want to drink hot tea.
3481	မနက်တိုင်း နွားနို့ အေးအေး တစ်ခွက် သောက်တယ်။	I drink a glass of cold milk every moring.
3482	ရေကူးကန်ကရေက အေးတယ်။	The water in the pool is cold.
3483	ပန်းခြံမှာ သစ်ပင် တုတ်တုတ်ကြီးတွေ ရှိတယ်။	The park has big and thick trees.
3484	မနက်တိုင်း ပြေးနေလို့ နည်းနည်းတော့ ပိန်သွားတယ်။	[I] slimmed down a little because of jogging every morning.
3485	ဟိုလူရဲ့ ခြေထောက်က သွယ်ပြီး ရှည်တယ်။	That person's legs are slim and long.
3486	ဒီမဂ္ဂဇင်းက ထူပြီး လေးတယ်။	This magazine is thick and heavy.
3487	ဒီဘောပင်က တုတ်တယ်။	This pen is fat.
3488	အသားတုံး ထူထူကို စားတယ်။	[I] eat thick meat/steak.
3489	အဘိဓာန် ပါးပါး တစ်အုပ် ဝယ်လိုက်တယ်။	[I] bought a slim dictionary.
3490	ဒီအခန်းရဲ့ နံရံက ပါးလို့ အသံ တိုးတိုးနဲ့ စကားပြောတယ်။	[I] speak softly because this room's walls are too thin.
3491	လေးတဲ့ သေတ္တာကို ယောကျာ်းလေးက သယ်မယ်။	Guys will carry the heavy boxes.
3492	ဒီအိတ်က ကြီးပြီး လေးတယ်။	This bag is big and heavy.
3493	ကျွန်တော် ပေါ့တဲ့ ဖိနပ် လိုချင်တယ်။	I want light shoes.
3494	မစ္စတာခိမုရရဲ့ အထုတ်က သေးပြီး ပေါ့တယ်။	Mr. Kimura's package is small and light.
3495	မစ္စတာယာမာဒါက အတန်းထဲမှာ အရပ်အရှည်ဆုံးပဲ။	Mr. Yamada is the tallest in the class.
3496	ကျွန်တော် မြင့်တဲ့ နေရာမှာ နေချင်တယ်။	I want to live a high place.
3497	ဒီညတော့ အချိန် နည်းနည်း ကြာကြာလေးလောက် စာဖတ်မယ်လို့ စိတ်ကူးထားတယ်။	I plan to read a little longer tonight.
3498	မနေ့ကအတန်းက အချိန်ရှည်တယ်။	Yesterday's class was long.
3499	ဟို အရပ်ပုပုနဲ့လူက မစ္စတာခိမုရပါ။	That short guy is Mr. Kimura.
3500	ဒီတောင်က နိမ့်တယ်။	This mountain is low.
3501	အချိန်တိုတိုအတွင်း ဒီအလုပ်ကို မလုပ်လုပ်လို့ မရဘူး။	This job must be done within a short time.
3502	နေ့တစ်နေ့ ဆိုတာ အရမ်း တိုတယ်။	A day is very short.
3503	ဒီရုပ်ရှင်က သိပ်မကောင်းဘူး။	This movie isn't so good.
3504	ကျွန်တော် ကောင်းတဲ့ ဆိုင်ကို သိတယ်။	I know a good shop/store.
3505	ဒီကွန်ပျူတာက ဈေးကြီးပေမယ့် အရမ်း ကောင်းတယ်။	This computer is expensive but very good.
3506	ဒါ ခန္ဓာကိုယ်အတွက် မကောင်းတဲ့ စားစရာ။	This food is bad/unhealthy for your body.
3507	ဒီနေ့ရာသီဥတု မကောင်းဘူး။	The weather is bad today.
3508	မစ္စတာယာမာဒါက စိတ်ဝင်စားဖို့ ကောင်းတဲ့ လူပဲ။	Mr. Yamada is an interesting man.
3509	ဒီအတန်းက အရမ်း စိတ်ဝင်စားဖို့ ကောင်းတယ်။	This class is very interesting.
3510	မနေ့ကပါတီမှာ အရမ်း ပျော်ခဲ့တယ်။	I had fun at the party yesterday.
3511	ဂျပန်စာ လေ့လာရတာ ပျော်တယ်။	[I] enjoy learning Japanese.
3512	သူငယ်ချင်းဆီက စိတ်ဝင်စားစရာ မကောင်းတဲ့ စကားကို ကြားရတယ်။	I heard an uninteresting conversation from a friend.
3513	ဒီစာအုပ်က စိတ်ဝင်စားဖို့ မကောင်းဘူး။	This book is not interesting.
3514	မနေ့က မကြားချင်တဲ့ စကားကို ကြားရတယ်။	I heard an unpleasant news yesterday.
3515	ကျွန်တော် သန့်ရှင်းရေးတို့ အဝတ်လျှော်တာတို့ကို လုပ်ရတာ မုန်းတယ်။	I hate doing cleaning and laundry.
3516	ဒါ မစ္စတာခိုဘာယာရှိရဲ့ အကြိုက်ဆုံးအစားအစာပါ။	This is Mr. Kobarashi's favourite food.
3517	ကျွန်တော် တိရစ္ဆာန် အရမ်း ချစ်တယ်။	I love animals.
3518	ကျွန်တော် ဆိတ်ငြိမ်ပြီး လှပတဲ့ နေရာကို သွားချင်တယ်။	I want to go to a quiet and beautiful place.
3519	မစ္စတာမဆုအိက ဆိတ်ငြိမ်တဲ့ မြို့မှာ နေတယ်။	Mr. Masui lives in a quiet city.
3520	ဒီမြို့က ကြီးပြီး စည်ကားတဲ့ မြို့ ဖြစ်တယ်။	This city is a big and vibrant city.
3521	ဘေးနားကစာသင်ခန်းက အရမ်း စည်ကားတယ်။	The classroom next door is very vibrant.
3522	ဘေးအိမ်ကခွေးက ဆူလို့ စာဖတ်လို့ မရဘူး။	I couldn't read because my next door neighbour's dog was noisy.
3523	စာသင်ချိန်မှာ အဲဒီလူ အမြဲတမ်း နားငြီးအောင် လုပ်တယ်။	That person is always making noise during class.
3524	မစ္စတာဟယရှိက လူနေထူထပ်တဲ့ မြို့မှာ နေတယ်။	Mr. Hayashi lives in a populated city.
3525	ဒီကျောင်းမှာ နိုင်ငံခြားသားကျောင်းသား များတယ်။	This school has many foreign students.
3526	လူ သိပ်မရှိတဲ့ အရပ်ကို သွားချင်တယ်။	I want to go somewhere where there aren't many people.
3527	အဲဒီစူပါမားကက်မှာ ငါး နည်းနည်းပဲ ရှိတယ်။	This supermarket has very little fish.
3528	ဒီနေ့ ခပ်စောစော အိမ်က ထွက်တယ်။	[I] left home early today.
3529	မနက်ဖန် မနက်စောစော ထမယ်။	I am going to get up early tomorrow morning.
3530	မနေ့က ပင်ပန်းသွားလို့ မနက်က နောက်ကျမှ အိပ်ရာထတယ်။	[I] woke up late because [I] got tired yesterday.
3531	ည အရမ်း မိုးချုပ်ပြီမို့ အိမ်ပြန်မယ်။	Since it's late at night, I am going back home.
3532	ကျွန်တော် မနက်တိုင်း ကြက်ဥ တစ်လုံး စားတယ်။	I eat an egg every morning.
3533	စားပွဲပေါ်မှာ ပန်းအိုး နှစ်လုံး စီထားမယ်။	[I] will keep two vases on each table.
3534	ဒီမေးခွန်းအတွက် အဖြေ သုံးခု ရှိတယ်။	There are three answers for this question.
3535	စားသောက်ဆိုင်မှာ ဟင်း လေးမျိုး မှာတယ်။	[I] ordered four dishes/curries at the restaurants.
3536	မစ္စတာတာနာခါ ကိတ်မုန့် ငါးခု ဝယ်ခဲ့တယ်။	Mr. Tanaka bought five cakes.
3537	အခန်းထဲမှာ သေတ္တာ ခြောက်လုံး ရှိတယ်။	There are six boxes in the room.
3538	မစ္စတာခိမုရက မုန့်ကို ခုနစ်ခု လုပ်ခဲ့တယ်။	Mr. Kimura made seven snacks.
3539	ကျွန်တော် ခရီးအပြန်လက်ဆောင် ရှစ်ခု ဝယ်ရမယ်။	I have to buy eight souvenirs.
3540	ဒီစာသင်ခန်းမှာ လွယ်အိတ် ကိုးလုံး ရှိတယ်။	There are nine bags in this classroom.
3541	ရှစ်လပိုင်း တစ်ရက်နေ့က စပြီး နွေရာသီ ပိတ်ပြီ။	Starting from first of Augest, it will be closed for Summer.
3542	မစ္စတာတာနာခါ နောက်လ နှစ်ရက်နေ့မှာ နိုင်ငံခြား သွားမယ်။	Mr. Tanaka will go abroad on second of next month.
3543	ငါးလ သုံးရက်ကနေ ငါးလ ငါးရက်နေ့အထိ ကျောင်းတွေ ရုံးတွေ ပိတ်တယ်။	Schools and offices close from third of May to fifth of May.
3544	လေးရက်နေ့ အပြီး အင်္ဂလိပ်လို စာစီစာကုံး မရေးလို့ မဖြစ်ဘူး။	The English essay must be written by fourth.
3545	အဖေ့ရဲ့ မွေးနေ့က ခြောက်လပိုင်း ငါးရက်နေ့ပါ။	My father's birthday is on the fifth of June.
3546	ဒီကုန်စိမ်းဆိုင်က ရှစ်ရက်နေ့တိုင်း ဈေးချတယ်။	This grocery store has discounts every eighth day of month.
3547	ခြောက်ရက်နေ့က စာတိုက်နဲ့ အထုပ် ပို့လိုက်တယ်။	I delivered a package through post office on sixth.
3548	ခုနစ်ရက်နေ့ အရောက် ပိုက်ဆံ လွှဲလိုက်မယ်။	I will have the money transferred by seventh.
3549	နောက်လ ကိုးရက်နေ့မှာ မိဘတွေ ကျွန်တော့်အိမ်ကို လာလည်မယ်။	My parents will come visit my home on nineth of next month.
3550	ဆယ်ရက်နေ့ မကျော်ခင်ထိ ဒီအလုပ်ကို မလုပ်လို့ မဖြစ်ဘူး။	[I] have to do this work before tenth.
3551	ဒီလ နှစ်ဆယ်ရက်နေ့မှာ ဂျပန်စာစာမေးပွဲ ရှိတယ်။	There is a Japanese exam on twentith this month.
3552	မစ္စတာလီ ဂျပန်မှာ တစ်ယောက်တည်း နေတယ်။	Mr. Lee lives alone in Japan.
3553	စာသင်ခန်းမှာ ကျောင်းသား တစ်ယောက် ရှိတယ်။	There is a student in the classroom.
3554	မနက်ဖန် မစ္စတာခိမုရနဲ့ နှစ်ယောက်တည်း ရေကူးကန် သွားမယ်။	I am will go swimming tomorrow with just me and Mr. Kimura.
3555	အိမ်ရှေ့မှာ မျက်နှာစိမ်း နှစ်ယောက် ရှိတယ်။	There are two strangers in front of the house.
3556	ဂျပန်မှာ အသက် နှစ်ဆယ်က စပြီး အရက် သောက်လို့ ရတယ်။	[You] can drink alcohol starting from twenty years old in Japan.
3557	ကျွန်တော့်ညီ နောက်လ ဆို အသက် နှစ်ဆယ် ပြည့်မယ်။	My brother will turn twenty next month.
3558	နေ့တိုင်း ထမင်း သုံးခါ စားတယ်။	[I] eat three meals every day.
3559	တစ်နှစ် တစ်ခါ နိုင်ငံခြား သွားတယ်။	[I] travel abroad once a year.
3560	ဒီဟင်းကို ကြက်ဥ နှစ်လုံး သုံးရတယ်။	[You] have to use two eggs for this curry/dish.
3561	မစ္စတာလီဆီက ရခဲ့တဲ့ မုန့်ကို တစ်ခု စားလိုက်တယ်။	[I] ate one of the snacks [I] received from Mr. Lee.
3562	ဂျပန်မှာ ဆယ့်ရှစ်နှစ်က စပြီး ကားမောင်းလို့ ရတယ်။	[You] can drive in Japan starting from eighteen years old.
3563	ကျွန်တော့်ညီမလေးက လေးနှစ်ပါ။	My little sister is four years old.
3564	ဒီစာသင်ခန်းမှာ ကွန်ပျူတာ ခုနစ်လုံး ရှိတယ်။	There are seven computers in the classroom.
3565	ဆိုင်ရှေ့မှာ ကား လေးစီး ရပ်ထားတယ်။	There are four cars parked in front of the shop.
3568	သကြားကို ဇွန်းနဲ့ သုံးခွက် ထည့်တယ်။	[I] put three spoons of sugar.
3569	မနေ့က အရက် နှစ်ခွက် သောက်တယ်။	[I] drank two cocktails yesterday.
3570	မနက်တိုင်း နွားနို့ တစ်ခွက် သောက်တယ်။	[I] drink a glass of milk every morning.
3571	မနေ့က စူပါမားကက်မှာ ငါး သုံးကောင် ဝယ်ခဲ့တယ်။	[I] bought three fish at the supermarket yesterday.
3572	ဟိုမှာ ခွေး နှစ်ကောင် ရှိတယ်။	There are two dogs over there.
3573	မစ္စတာဟယရှိရဲ့ အိမ်မှာ ကြောင် တစ်ကောင် ရှိတယ်။	Mr. Haya's home has a cat.
3574	ကျောင်းကို အမြဲတမ်း ခဲတံ သုံးချောင်း ယူသွားတယ်။	[I] always bring three pencils to school.
3575	အိမ်ကခြံထဲမှာ သစ်ပင် နှစ်ပင် ရှိတယ်။	There are two trees in the yard.
3576	ထမင်းစားပြီး ဆေးလိပ် တစ်လိပ် သောက်တယ်။	[I] smoke one cigarette after meals.
3577	ကျွန်တော် အခု ကိုယ်အလေးချိန် လေးဆယ့်ငါးကီလိုဂရမ် ရှိတယ်။	I weigh forty five kilograms.
3578	ဒီအထုတ်က ငါးကီလို ရှိလို့ လေးတယ်။	This package is heavy because it's five kilo (grams).
3579	ဘူတာကနေ စာကြည့်တိုက်အထိ နှစ်ကီလိုမီတာ ရှိတယ်။	It's two kilometers from the station to the library.
3580	ကျွန်တော် မနက်တိုင်း သုံးကီလို ပြေးတယ်။	I run three kilo (meter) every morning.
3581	သကြား သုံးဆယ်ဂရမ်နဲ့ ဆား ဆယ့်ငါးဂရမ် ထည့်မယ်။	[I] will put in thirty grams of sugar and fifteen gram of salt.
3582	ဝက်သား နှစ်ရာဂရမ် ဝယ်မယ်။	[I] will buy two hundred grams of pork.
3583	ဒီစာအုပ်စင်က အနံ တစ်မီတာ အလျားတစ်မီတာခွဲ ရှိတယ်။	This bookshelf has width of one meter and length of one meter.
3584	မစ္စတာယာမာဒါက မီတာ တစ်ရာ ရေကူးနိုင်တယ်။	Mr. Yamada can swim a hundred meter.
3585	ကျွန်တော်က	I
